Unnamed: 0,title,id,body,score,created,neg,neu,pos,compound
0,ii87cti,"In The Dark Knight (2008), the only ones who clap for Harvey when he is being transferred to prison after coming out as the Batman are the only ones not working for either Maroney or Joker.",new moviedetailsmodbot post fit moviedetails upvote comment post doe not fit moviedetails downvote comment post break rule downvote comment report post,1,1659160969.0,0.0,0.792,0.208,0.6124
1,ii90kye,"In The Dark Knight (2008), the only ones who clap for Harvey when he is being transferred to prison after coming out as the Batman are the only ones not working for either Maroney or Joker.",clapping guy front right voice joshua graham super bad voice,140,1659183623.0,0.227,0.519,0.253,0.1027
2,ii8hh7g,"In The Dark Knight (2008), the only ones who clap for Harvey when he is being transferred to prison after coming out as the Batman are the only ones not working for either Maroney or Joker.",could sworn guy far right worked joker wa one delivered letter chick got blown car,1493,1659168842.0,0.0,0.903,0.097,0.128
3,ii8hndu,"In The Dark Knight (2008), the only ones who clap for Harvey when he is being transferred to prison after coming out as the Batman are the only ones not working for either Maroney or Joker.",guy far right look like discount mark wahlberg known actor swear seen something else,860,1659168984.0,0.076,0.764,0.159,0.3182
4,ii8fv25,"In The Dark Knight (2008), the only ones who clap for Harvey when he is being transferred to prison after coming out as the Batman are the only ones not working for either Maroney or Joker.",assuming direct control,166,1659167509.0,0.0,1.0,0.0,0.0
5,ii8s0ob,"In The Dark Knight (2008), the only ones who clap for Harvey when he is being transferred to prison after coming out as the Batman are the only ones not working for either Maroney or Joker.",maroni,53,1659177668.0,0.0,1.0,0.0,0.0
6,ii8d2bj,"In The Dark Knight (2008), the only ones who clap for Harvey when he is being transferred to prison after coming out as the Batman are the only ones not working for either Maroney or Joker.",never noticed cool,213,1659165269.0,0.495,0.505,0.0,-0.2411
7,ii88kyc,"In The Dark Knight (2008), the only ones who clap for Harvey when he is being transferred to prison after coming out as the Batman are the only ones not working for either Maroney or Joker.",gotem,211,1659161872.0,0.0,1.0,0.0,0.0
8,ii8kf97,"In The Dark Knight (2008), the only ones who clap for Harvey when he is being transferred to prison after coming out as the Batman are the only ones not working for either Maroney or Joker.",film top awesome,98,1659171321.0,0.0,0.145,0.855,0.7096
9,ii8udsu,"In The Dark Knight (2008), the only ones who clap for Harvey when he is being transferred to prison after coming out as the Batman are the only ones not working for either Maroney or Joker.",remember seeing not clapper,59,1659179473.0,0.0,1.0,0.0,0.0
10,ii8m96t,"In The Dark Knight (2008), the only ones who clap for Harvey when he is being transferred to prison after coming out as the Batman are the only ones not working for either Maroney or Joker.",maroney cry italian,102,1659172878.0,0.608,0.392,0.0,-0.4767
11,ii8k58m,"In The Dark Knight (2008), the only ones who clap for Harvey when he is being transferred to prison after coming out as the Batman are the only ones not working for either Maroney or Joker.",real mvp,10,1659171083.0,0.0,1.0,0.0,0.0
12,ii8uhdn,"In The Dark Knight (2008), the only ones who clap for Harvey when he is being transferred to prison after coming out as the Batman are the only ones not working for either Maroney or Joker.",proof,23,1659179550.0,0.0,1.0,0.0,0.0
13,ii8rssy,"In The Dark Knight (2008), the only ones who clap for Harvey when he is being transferred to prison after coming out as the Batman are the only ones not working for either Maroney or Joker.",knew bobby flay wa incorruptible,7,1659177496.0,0.0,1.0,0.0,0.0
14,ii8g8ij,"In The Dark Knight (2008), the only ones who clap for Harvey when he is being transferred to prison after coming out as the Batman are the only ones not working for either Maroney or Joker.",also framing split,27,1659167820.0,0.0,1.0,0.0,0.0
15,ii95m2q,"In The Dark Knight (2008), the only ones who clap for Harvey when he is being transferred to prison after coming out as the Batman are the only ones not working for either Maroney or Joker.",source,6,1659186517.0,0.0,1.0,0.0,0.0
16,ii964ss,"In The Dark Knight (2008), the only ones who clap for Harvey when he is being transferred to prison after coming out as the Batman are the only ones not working for either Maroney or Joker.",nah lol,7,1659186802.0,0.333,0.0,0.667,0.34
17,ii8wm1r,"In The Dark Knight (2008), the only ones who clap for Harvey when he is being transferred to prison after coming out as the Batman are the only ones not working for either Maroney or Joker.",sure,20,1659181067.0,0.0,0.0,1.0,0.3182
18,ii9zrxr,"In The Dark Knight (2008), the only ones who clap for Harvey when he is being transferred to prison after coming out as the Batman are the only ones not working for either Maroney or Joker.",always saw lot gotham cop plain like harvey threat always known cracking corruption wa established hospital scene wa police officer first started calling harvey two face plus press conference wa heckled dead cop interpret scene always difficult relationship gcpd,3,1659200624.0,0.214,0.734,0.052,-0.8271
19,ii95jty,"In The Dark Knight (2008), the only ones who clap for Harvey when he is being transferred to prison after coming out as the Batman are the only ones not working for either Maroney or Joker.",one not clapping believe justice system recognize district attorney operating extrajudicial vigilante like dumping giant turd,8,1659186482.0,0.247,0.632,0.122,-0.3769
20,ii95to3,"In The Dark Knight (2008), the only ones who clap for Harvey when he is being transferred to prison after coming out as the Batman are the only ones not working for either Maroney or Joker.",maroni,2,1659186634.0,0.0,1.0,0.0,0.0
21,iiagui8,"In The Dark Knight (2008), the only ones who clap for Harvey when he is being transferred to prison after coming out as the Batman are the only ones not working for either Maroney or Joker.",preface moron sentence make sense eli,2,1659208049.0,0.376,0.471,0.153,-0.4404
22,ii95hyw,"In The Dark Knight (2008), the only ones who clap for Harvey when he is being transferred to prison after coming out as the Batman are the only ones not working for either Maroney or Joker.",thought wa shittymoviedetails sec,3,1659186453.0,0.0,1.0,0.0,0.0
23,iiaf7f9,"In The Dark Knight (2008), the only ones who clap for Harvey when he is being transferred to prison after coming out as the Batman are the only ones not working for either Maroney or Joker.",want guy making proof background extra worked either maroney joker,3,1659207336.0,0.0,0.741,0.259,0.2023
24,ii8n9fo,"In The Dark Knight (2008), the only ones who clap for Harvey when he is being transferred to prison after coming out as the Batman are the only ones not working for either Maroney or Joker.",like real life,2,1659173735.0,0.0,0.444,0.556,0.3612
25,ii95bab,"In The Dark Knight (2008), the only ones who clap for Harvey when he is being transferred to prison after coming out as the Batman are the only ones not working for either Maroney or Joker.",wow deep,1,1659186351.0,0.0,0.208,0.792,0.5859
26,ii8pjug,"In The Dark Knight (2008), the only ones who clap for Harvey when he is being transferred to prison after coming out as the Batman are the only ones not working for either Maroney or Joker.",nice catch,1,1659175661.0,0.0,0.263,0.737,0.4215
27,ii9czij,"In The Dark Knight (2008), the only ones who clap for Harvey when he is being transferred to prison after coming out as the Batman are the only ones not working for either Maroney or Joker.",still confused line harvey dent killed people end movie,1,1659190336.0,0.493,0.507,0.0,-0.7783
28,ii9e2gq,"In The Dark Knight (2008), the only ones who clap for Harvey when he is being transferred to prison after coming out as the Batman are the only ones not working for either Maroney or Joker.",wow,1,1659190859.0,0.0,0.0,1.0,0.5859
29,ii9f3ar,"In The Dark Knight (2008), the only ones who clap for Harvey when he is being transferred to prison after coming out as the Batman are the only ones not working for either Maroney or Joker.",sure coincidence,1,1659191345.0,0.0,0.303,0.697,0.3182
30,ii9hkjf,"In The Dark Knight (2008), the only ones who clap for Harvey when he is being transferred to prison after coming out as the Batman are the only ones not working for either Maroney or Joker.",think took month get vocabulary back watching come mouth batman,1,1659192507.0,0.0,1.0,0.0,0.0
31,ii9mptd,"In The Dark Knight (2008), the only ones who clap for Harvey when he is being transferred to prison after coming out as the Batman are the only ones not working for either Maroney or Joker.",believe despite watching many time never noticed,1,1659194829.0,0.0,1.0,0.0,0.0
32,ii9q7b1,"In The Dark Knight (2008), the only ones who clap for Harvey when he is being transferred to prison after coming out as the Batman are the only ones not working for either Maroney or Joker.",thought saw clapping guy good hair background commissioner office drank poisoned glass,1,1659196386.0,0.199,0.621,0.18,-0.0772
33,iic2yrw,"In The Dark Knight (2008), the only ones who clap for Harvey when he is being transferred to prison after coming out as the Batman are the only ones not working for either Maroney or Joker.",amazing detail never noticed,1,1659235294.0,0.0,0.441,0.559,0.5859
34,iicc0w7,"In The Dark Knight (2008), the only ones who clap for Harvey when he is being transferred to prison after coming out as the Batman are the only ones not working for either Maroney or Joker.",clapping guy left one beat joker custody get taken hostage phone call right,1,1659239970.0,0.0,0.889,0.111,0.128
35,ii95cs4,"In The Dark Knight (2008), the only ones who clap for Harvey when he is being transferred to prison after coming out as the Batman are the only ones not working for either Maroney or Joker.",tom holland,0,1659186374.0,0.0,1.0,0.0,0.0
36,ii99kln,"In The Dark Knight (2008), the only ones who clap for Harvey when he is being transferred to prison after coming out as the Batman are the only ones not working for either Maroney or Joker.",wa also herschel noire,48,1659188612.0,0.0,1.0,0.0,0.0
37,iiafi4e,"In The Dark Knight (2008), the only ones who clap for Harvey when he is being transferred to prison after coming out as the Batman are the only ones not working for either Maroney or Joker.",also didact halo,14,1659207465.0,0.0,1.0,0.0,0.0
38,iiaxdrg,"In The Dark Knight (2008), the only ones who clap for Harvey when he is being transferred to prison after coming out as the Batman are the only ones not working for either Maroney or Joker.",male dunmer skyrim harbinger male ghoul fallout terrence kyne dead space,11,1659215352.0,0.301,0.699,0.0,-0.6486
39,iicerys,"In The Dark Knight (2008), the only ones who clap for Harvey when he is being transferred to prison after coming out as the Batman are the only ones not working for either Maroney or Joker.",wa also angel holtz angel arch enemy guy kidnaps son,2,1659241539.0,0.28,0.72,0.0,-0.5423
40,ix6rmg6,"In The Dark Knight (2008), the only ones who clap for Harvey when he is being transferred to prison after coming out as the Batman are the only ones not working for either Maroney or Joker.",mickey equalizer,1,1669004028.0,0.0,1.0,0.0,0.0
41,ii8ikm4,"In The Dark Knight (2008), the only ones who clap for Harvey when he is being transferred to prison after coming out as the Batman are the only ones not working for either Maroney or Joker.",think anyone knew content letter right content meant think wa ignorant,786,1659169764.0,0.174,0.826,0.0,-0.2732
42,ii975e1,"In The Dark Knight (2008), the only ones who clap for Harvey when he is being transferred to prison after coming out as the Batman are the only ones not working for either Maroney or Joker.",none worked joker working mob followed joker movie,23,1659187347.0,0.314,0.686,0.0,-0.1877
43,ii96jnu,"In The Dark Knight (2008), the only ones who clap for Harvey when he is being transferred to prison after coming out as the Batman are the only ones not working for either Maroney or Joker.",wa mcu give joker phone blow guy phone bomb stomach,50,1659187027.0,0.252,0.63,0.118,-0.4019
44,ii98rwm,"In The Dark Knight (2008), the only ones who clap for Harvey when he is being transferred to prison after coming out as the Batman are the only ones not working for either Maroney or Joker.",ha threatened joker phone,5,1659188204.0,0.38,0.127,0.494,-0.0258
45,ii8knij,"In The Dark Knight (2008), the only ones who clap for Harvey when he is being transferred to prison after coming out as the Batman are the only ones not working for either Maroney or Joker.",philip bulcock name never heard badass name,510,1659171512.0,0.0,0.806,0.194,0.1139
46,ii8ze79,"In The Dark Knight (2008), the only ones who clap for Harvey when he is being transferred to prison after coming out as the Batman are the only ones not working for either Maroney or Joker.",could thinking guy played mcnulty wire,33,1659182887.0,0.0,0.676,0.324,0.34
47,ii93jy3,"In The Dark Knight (2008), the only ones who clap for Harvey when he is being transferred to prison after coming out as the Batman are the only ones not working for either Maroney or Joker.",also kinda look like guy play classic sniper saving private ryan guy wa every ear movie like year,7,1659185369.0,0.0,0.687,0.313,0.7044
48,ii8nrgy,"In The Dark Knight (2008), the only ones who clap for Harvey when he is being transferred to prison after coming out as the Batman are the only ones not working for either Maroney or Joker.",kinda giving tom holland resemblance zoomed face might thinking,9,1659174154.0,0.0,0.792,0.208,0.2748
49,ii9koj3,"In The Dark Knight (2008), the only ones who clap for Harvey when he is being transferred to prison after coming out as the Batman are the only ones not working for either Maroney or Joker.",look like mathew glave wedding singer,2,1659193904.0,0.0,0.667,0.333,0.3612
50,ii99649,"In The Dark Knight (2008), the only ones who clap for Harvey when he is being transferred to prison after coming out as the Batman are the only ones not working for either Maroney or Joker.",kind look like holt callany mindhunter,1,1659188407.0,0.0,0.404,0.596,0.7096
51,ii9gvni,"In The Dark Knight (2008), the only ones who clap for Harvey when he is being transferred to prison after coming out as the Batman are the only ones not working for either Maroney or Joker.",totally watch military propaganda flick,1,1659192191.0,0.361,0.639,0.0,-0.3102
52,ii9kj2n,"In The Dark Knight (2008), the only ones who clap for Harvey when he is being transferred to prison after coming out as the Batman are the only ones not working for either Maroney or Joker.",,1,1659193836.0,0.0,0.0,0.0,0.0
53,ii9ku5x,"In The Dark Knight (2008), the only ones who clap for Harvey when he is being transferred to prison after coming out as the Batman are the only ones not working for either Maroney or Joker.",look kinda like mcnulty,1,1659193976.0,0.0,0.576,0.424,0.2975
54,ii9nh3d,"In The Dark Knight (2008), the only ones who clap for Harvey when he is being transferred to prison after coming out as the Batman are the only ones not working for either Maroney or Joker.",also kinda look like tyler florence food network,1,1659195179.0,0.0,0.759,0.241,0.3008
55,ii9p0wp,"In The Dark Knight (2008), the only ones who clap for Harvey when he is being transferred to prison after coming out as the Batman are the only ones not working for either Maroney or Joker.",adam rothenberg lookalike,1,1659195869.0,0.0,1.0,0.0,0.0
56,iib3inv,"In The Dark Knight (2008), the only ones who clap for Harvey when he is being transferred to prison after coming out as the Batman are the only ones not working for either Maroney or Joker.",give nikolaj coster waldau vibe way,1,1659218104.0,0.0,1.0,0.0,0.0
57,iibyvn6,"In The Dark Knight (2008), the only ones who clap for Harvey when he is being transferred to prison after coming out as the Batman are the only ones not working for either Maroney or Joker.",look like one angel supernatural first glance,1,1659233247.0,0.0,0.706,0.294,0.3612
58,iickhin,"In The Dark Knight (2008), the only ones who clap for Harvey when he is being transferred to prison after coming out as the Batman are the only ones not working for either Maroney or Joker.",guy next look like irish engineer worked transporter star trek,1,1659245060.0,0.0,0.783,0.217,0.3612
59,ii908ky,"In The Dark Knight (2008), the only ones who clap for Harvey when he is being transferred to prison after coming out as the Batman are the only ones not working for either Maroney or Joker.",think know,0,1659183413.0,0.0,1.0,0.0,0.0
60,ii8jas5,"In The Dark Knight (2008), the only ones who clap for Harvey when he is being transferred to prison after coming out as the Batman are the only ones not working for either Maroney or Joker.",harbinger destruction,77,1659170373.0,0.787,0.213,0.0,-0.5719
61,ii96uku,"In The Dark Knight (2008), the only ones who clap for Harvey when he is being transferred to prison after coming out as the Batman are the only ones not working for either Maroney or Joker.",macaroni,44,1659187189.0,0.0,1.0,0.0,0.0
62,ii8hjzg,"In The Dark Knight (2008), the only ones who clap for Harvey when he is being transferred to prison after coming out as the Batman are the only ones not working for either Maroney or Joker.",deez nut case running around gotem city,82,1659168906.0,0.0,1.0,0.0,0.0
63,ii90mkw,"In The Dark Knight (2008), the only ones who clap for Harvey when he is being transferred to prison after coming out as the Batman are the only ones not working for either Maroney or Joker.",definitely top batman movie nolan,44,1659183651.0,0.0,0.4,0.6,0.5423
64,ii8tvol,"In The Dark Knight (2008), the only ones who clap for Harvey when he is being transferred to prison after coming out as the Batman are the only ones not working for either Maroney or Joker.",straight,60,1659179097.0,0.0,0.0,1.0,0.2263
65,ii8rkao,"In The Dark Knight (2008), the only ones who clap for Harvey when he is being transferred to prison after coming out as the Batman are the only ones not working for either Maroney or Joker.",watched every night sleep aid year regret,16,1659177306.0,0.318,0.682,0.0,-0.4215
66,ii96s2r,"In The Dark Knight (2008), the only ones who clap for Harvey when he is being transferred to prison after coming out as the Batman are the only ones not working for either Maroney or Joker.",guy hand jacket remeber name get shot harvey bar something picking harvey taking warehouse,67,1659187152.0,0.0,0.802,0.198,0.4939
67,ii8nxxx,"In The Dark Knight (2008), the only ones who clap for Harvey when he is being transferred to prison after coming out as the Batman are the only ones not working for either Maroney or Joker.",gorlamey,85,1659174304.0,0.0,1.0,0.0,0.0
68,ii8qrb5,"In The Dark Knight (2008), the only ones who clap for Harvey when he is being transferred to prison after coming out as the Batman are the only ones not working for either Maroney or Joker.",sacred propane,23,1659176659.0,0.0,1.0,0.0,0.0
69,ii90o3n,"In The Dark Knight (2008), the only ones who clap for Harvey when he is being transferred to prison after coming out as the Batman are the only ones not working for either Maroney or Joker.",look massacred boi,8,1659183677.0,0.0,1.0,0.0,0.0
70,ii8vb1w,"In The Dark Knight (2008), the only ones who clap for Harvey when he is being transferred to prison after coming out as the Batman are the only ones not working for either Maroney or Joker.",always thought falcone sounded like made name probably mean real,19,1659180153.0,0.0,0.783,0.217,0.3612
71,ii9psdg,"In The Dark Knight (2008), the only ones who clap for Harvey when he is being transferred to prison after coming out as the Batman are the only ones not working for either Maroney or Joker.",maybe talking jenna maroney,2,1659196203.0,0.0,1.0,0.0,0.0
72,ii8vp75,"In The Dark Knight (2008), the only ones who clap for Harvey when he is being transferred to prison after coming out as the Batman are the only ones not working for either Maroney or Joker.",irish name,-1,1659180437.0,0.0,1.0,0.0,0.0
73,ii9ql5n,"In The Dark Knight (2008), the only ones who clap for Harvey when he is being transferred to prison after coming out as the Batman are the only ones not working for either Maroney or Joker.",farging iceholes,1,1659196559.0,0.0,1.0,0.0,0.0
74,iibrr6b,"In The Dark Knight (2008), the only ones who clap for Harvey when he is being transferred to prison after coming out as the Batman are the only ones not working for either Maroney or Joker.",dead cop yaahhhhh,1,1659229718.0,0.683,0.317,0.0,-0.6486
75,ii90afe,"In The Dark Knight (2008), the only ones who clap for Harvey when he is being transferred to prison after coming out as the Batman are the only ones not working for either Maroney or Joker.",nope lol,27,1659183445.0,0.7,0.3,0.0,-0.3252
76,ii9hcdi,"In The Dark Knight (2008), the only ones who clap for Harvey when he is being transferred to prison after coming out as the Batman are the only ones not working for either Maroney or Joker.",butt seems since linked one,11,1659192403.0,0.0,1.0,0.0,0.0
77,ii90rpz,"In The Dark Knight (2008), the only ones who clap for Harvey when he is being transferred to prison after coming out as the Batman are the only ones not working for either Maroney or Joker.",enough keep least mildly probable,17,1659183738.0,0.0,1.0,0.0,0.0
78,ii973b1,"In The Dark Knight (2008), the only ones who clap for Harvey when he is being transferred to prison after coming out as the Batman are the only ones not working for either Maroney or Joker.",maybe rest force seems okay somewhat batman running around could,5,1659187315.0,0.0,0.826,0.174,0.2263
79,ii9fbv4,"In The Dark Knight (2008), the only ones who clap for Harvey when he is being transferred to prison after coming out as the Batman are the only ones not working for either Maroney or Joker.",deleted,5,1659191456.0,0.0,1.0,0.0,0.0
80,ii9ffvd,"In The Dark Knight (2008), the only ones who clap for Harvey when he is being transferred to prison after coming out as the Batman are the only ones not working for either Maroney or Joker.",line dead cop idk got,6,1659191510.0,0.655,0.345,0.0,-0.6908
81,iidh8nz,"In The Dark Knight (2008), the only ones who clap for Harvey when he is being transferred to prison after coming out as the Batman are the only ones not working for either Maroney or Joker.",yes indeed,1,1659270184.0,0.0,0.27,0.73,0.4019
82,ii8iqxz,"In The Dark Knight (2008), the only ones who clap for Harvey when he is being transferred to prison after coming out as the Batman are the only ones not working for either Maroney or Joker.",shown driving away explosion tho remember reacting could misremembering tho since watched movie,389,1659169915.0,0.0,1.0,0.0,0.0
83,ii9axy9,"In The Dark Knight (2008), the only ones who clap for Harvey when he is being transferred to prison after coming out as the Batman are the only ones not working for either Maroney or Joker.",judge people delivered letter drove car blew background,2,1659189310.0,0.0,1.0,0.0,0.0
84,ii9dopj,"In The Dark Knight (2008), the only ones who clap for Harvey when he is being transferred to prison after coming out as the Batman are the only ones not working for either Maroney or Joker.",major crime unit trouble take lol,85,1659190679.0,0.517,0.25,0.233,-0.5267
85,ii8okgt,"In The Dark Knight (2008), the only ones who clap for Harvey when he is being transferred to prison after coming out as the Batman are the only ones not working for either Maroney or Joker.",bull cock,207,1659174832.0,0.615,0.385,0.0,-0.1531
86,ii8y5nv,"In The Dark Knight (2008), the only ones who clap for Harvey when he is being transferred to prison after coming out as the Batman are the only ones not working for either Maroney or Joker.",thought wa ian bohen bit early morning eye fully booted,3,1659182108.0,0.0,1.0,0.0,0.0
87,ii9kqgn,"In The Dark Knight (2008), the only ones who clap for Harvey when he is being transferred to prison after coming out as the Batman are the only ones not working for either Maroney or Joker.",kinda hard household moviestar name like,2,1659193929.0,0.146,0.526,0.329,0.3384
88,ii93fwc,"In The Dark Knight (2008), the only ones who clap for Harvey when he is being transferred to prison after coming out as the Batman are the only ones not working for either Maroney or Joker.",def not mcnutty played shitty horrible senator rape nidas wife hated amazing wire,29,1659185304.0,0.513,0.249,0.239,-0.8277
89,ii9dr9t,"In The Dark Knight (2008), the only ones who clap for Harvey when he is being transferred to prison after coming out as the Batman are the only ones not working for either Maroney or Joker.",look nothing like dominic west,1,1659190713.0,0.345,0.655,0.0,-0.2755
90,ii990rr,"In The Dark Knight (2008), the only ones who clap for Harvey when he is being transferred to prison after coming out as the Batman are the only ones not working for either Maroney or Joker.",ear movie one favorite genre,11,1659188331.0,0.0,0.571,0.429,0.4588
91,ii8q16p,"In The Dark Knight (2008), the only ones who clap for Harvey when he is being transferred to prison after coming out as the Batman are the only ones not working for either Maroney or Joker.",clearly jeremy renner getting fight mike tyson,11,1659176060.0,0.252,0.485,0.262,0.0258
92,ii9j1o2,"In The Dark Knight (2008), the only ones who clap for Harvey when he is being transferred to prison after coming out as the Batman are the only ones not working for either Maroney or Joker.",definitely old tom holland,1,1659193191.0,0.0,0.526,0.474,0.4019
93,ii9xlx4,"In The Dark Knight (2008), the only ones who clap for Harvey when he is being transferred to prison after coming out as the Batman are the only ones not working for either Maroney or Joker.",went straight comment see anyone thought looked like tom holland doe,1,1659199674.0,0.0,0.672,0.328,0.5267
94,ii8ribo,"In The Dark Knight (2008), the only ones who clap for Harvey when he is being transferred to prison after coming out as the Batman are the only ones not working for either Maroney or Joker.",impose order chaos organic evolution exist allow end demand,43,1659177263.0,0.517,0.35,0.133,-0.6705
95,ii8jcsr,"In The Dark Knight (2008), the only ones who clap for Harvey when he is being transferred to prison after coming out as the Batman are the only ones not working for either Maroney or Joker.",alright alright let see one stick fade great harvest betrayal,12,1659170421.0,0.212,0.335,0.453,0.5106
96,ii92qgs,"In The Dark Knight (2008), the only ones who clap for Harvey when he is being transferred to prison after coming out as the Batman are the only ones not working for either Maroney or Joker.",know feel,20,1659184898.0,0.0,1.0,0.0,0.0
97,ii99x0f,"In The Dark Knight (2008), the only ones who clap for Harvey when he is being transferred to prison after coming out as the Batman are the only ones not working for either Maroney or Joker.",macarena,8,1659188789.0,0.0,1.0,0.0,0.0
98,ii9fjfc,"In The Dark Knight (2008), the only ones who clap for Harvey when he is being transferred to prison after coming out as the Batman are the only ones not working for either Maroney or Joker.",negroni,3,1659191557.0,0.0,1.0,0.0,0.0
99,ii99kya,"In The Dark Knight (2008), the only ones who clap for Harvey when he is being transferred to prison after coming out as the Batman are the only ones not working for either Maroney or Joker.",marone mia,4,1659188617.0,0.688,0.312,0.0,-0.296
100,ii8wtp4,"In The Dark Knight (2008), the only ones who clap for Harvey when he is being transferred to prison after coming out as the Batman are the only ones not working for either Maroney or Joker.",yes rated perfect,40,1659181214.0,0.0,0.135,0.865,0.7506
101,ii9qzyk,"In The Dark Knight (2008), the only ones who clap for Harvey when he is being transferred to prison after coming out as the Batman are the only ones not working for either Maroney or Joker.",glad not one doe nice guy well,3,1659196742.0,0.204,0.35,0.446,0.4153
102,ii977af,"In The Dark Knight (2008), the only ones who clap for Harvey when he is being transferred to prison after coming out as the Batman are the only ones not working for either Maroney or Joker.",wuertz also one elevator joker crash party penthouse,54,1659187376.0,0.227,0.42,0.353,0.128
103,ii9atqy,"In The Dark Knight (2008), the only ones who clap for Harvey when he is being transferred to prison after coming out as the Batman are the only ones not working for either Maroney or Joker.",yes one picture not clapping remember course left guy clapping get overpowered joker right guy seems somewhat familiar like maybe ha line,12,1659189252.0,0.0,0.671,0.329,0.7796
104,iiafbvy,"In The Dark Knight (2008), the only ones who clap for Harvey when he is being transferred to prison after coming out as the Batman are the only ones not working for either Maroney or Joker.",dude made thing none uniformed background cop confirmed working villain,1,1659207390.0,0.286,0.714,0.0,-0.5574
105,ii93zbz,"In The Dark Knight (2008), the only ones who clap for Harvey when he is being transferred to prison after coming out as the Batman are the only ones not working for either Maroney or Joker.",margheriti,23,1659185617.0,0.0,1.0,0.0,0.0
106,ii8okv5,"In The Dark Knight (2008), the only ones who clap for Harvey when he is being transferred to prison after coming out as the Batman are the only ones not working for either Maroney or Joker.",gabbagoo,29,1659174841.0,0.0,1.0,0.0,0.0
107,ii8ymh4,"In The Dark Knight (2008), the only ones who clap for Harvey when he is being transferred to prison after coming out as the Batman are the only ones not working for either Maroney or Joker.",precipice enormous crossroad,6,1659182411.0,0.0,1.0,0.0,0.0
108,ii90qsg,"In The Dark Knight (2008), the only ones who clap for Harvey when he is being transferred to prison after coming out as the Batman are the only ones not working for either Maroney or Joker.",real italian name ironically also surname famous italian judge killed mafia,30,1659183723.0,0.31,0.69,0.0,-0.6705
109,ii92ip1,"In The Dark Knight (2008), the only ones who clap for Harvey when he is being transferred to prison after coming out as the Batman are the only ones not working for either Maroney or Joker.",name made,9,1659184773.0,0.0,1.0,0.0,0.0
110,ii94erg,"In The Dark Knight (2008), the only ones who clap for Harvey when he is being transferred to prison after coming out as the Batman are the only ones not working for either Maroney or Joker.",long island sir meet falcone,6,1659185857.0,0.0,1.0,0.0,0.0
111,ii8z930,"In The Dark Knight (2008), the only ones who clap for Harvey when he is being transferred to prison after coming out as the Batman are the only ones not working for either Maroney or Joker.",,3,1659182797.0,0.0,0.0,0.0,0.0
112,iiabmxe,"In The Dark Knight (2008), the only ones who clap for Harvey when he is being transferred to prison after coming out as the Batman are the only ones not working for either Maroney or Joker.",agreed cop remember bribed wuertz ramirez maroni joker bribe cop connection wa maroni think lot assumption,10,1659205808.0,0.098,0.707,0.196,0.2023
113,ii97fui,"In The Dark Knight (2008), the only ones who clap for Harvey when he is being transferred to prison after coming out as the Batman are the only ones not working for either Maroney or Joker.",movie detail probable movie conjecture,11,1659187506.0,0.0,1.0,0.0,0.0
114,ii9eugr,"In The Dark Knight (2008), the only ones who clap for Harvey when he is being transferred to prison after coming out as the Batman are the only ones not working for either Maroney or Joker.",dummy question always wondered clapping support harvey know taking fall support vigilantism happy arrest since not support vigilantism,2,1659191227.0,0.088,0.478,0.434,0.8555
115,ii9iinx,"In The Dark Knight (2008), the only ones who clap for Harvey when he is being transferred to prison after coming out as the Batman are the only ones not working for either Maroney or Joker.",maybe killed barkeeper,1,1659192946.0,0.692,0.308,0.0,-0.6705
116,iia5n7n,"In The Dark Knight (2008), the only ones who clap for Harvey when he is being transferred to prison after coming out as the Batman are the only ones not working for either Maroney or Joker.",gonna debate maroni unless mistaken evidence accidentally died crash driver definitely wa survivable,0,1659203215.0,0.511,0.365,0.123,-0.8176
117,ii9ii7q,"In The Dark Knight (2008), the only ones who clap for Harvey when he is being transferred to prison after coming out as the Batman are the only ones not working for either Maroney or Joker.",rounded next,6,1659192940.0,0.0,1.0,0.0,0.0
118,ii9iczf,"In The Dark Knight (2008), the only ones who clap for Harvey when he is being transferred to prison after coming out as the Batman are the only ones not working for either Maroney or Joker.",watched dubbed either misremember changed translation,1,1659192872.0,0.0,1.0,0.0,0.0
119,ii965kp,"In The Dark Knight (2008), the only ones who clap for Harvey when he is being transferred to prison after coming out as the Batman are the only ones not working for either Maroney or Joker.",full scene gordon trying protect three official joker gunning cop tell judge even know supposed leave getting car barely get one second reaction car blow showing cop look back not enough tell emotion loyalty likely deliberate choice director nolan set fact police compromised gordon explaining joker ha someone get inside police commissioner office right drink poisoned alcohol not going immediately reveal crooked cop tease many compromised think cop knew judge car bomb,264,1659186814.0,0.117,0.746,0.136,0.1531
120,ii8k608,"In The Dark Knight (2008), the only ones who clap for Harvey when he is being transferred to prison after coming out as the Batman are the only ones not working for either Maroney or Joker.",escorting driving front,63,1659171103.0,0.0,1.0,0.0,0.0
121,ii95vmw,"In The Dark Knight (2008), the only ones who clap for Harvey when he is being transferred to prison after coming out as the Batman are the only ones not working for either Maroney or Joker.",definitely not actor lol google scene dude ha black hair bit higher top,2,1659186665.0,0.128,0.494,0.378,0.5526
122,ii9t04v,"In The Dark Knight (2008), the only ones who clap for Harvey when he is being transferred to prison after coming out as the Batman are the only ones not working for either Maroney or Joker.",double take eyeball almost pooped,21,1659197637.0,0.0,1.0,0.0,0.0
123,ii8p68m,"In The Dark Knight (2008), the only ones who clap for Harvey when he is being transferred to prison after coming out as the Batman are the only ones not working for either Maroney or Joker.",make reconsider folksy theory old day surname used stand person profession,74,1659175342.0,0.0,1.0,0.0,0.0
124,ii8yu2c,"In The Dark Knight (2008), the only ones who clap for Harvey when he is being transferred to prison after coming out as the Batman are the only ones not working for either Maroney or Joker.",ian bohen look like young walter white break bad show would called failing good,4,1659182544.0,0.306,0.45,0.243,-0.34
125,ii93vlo,"In The Dark Knight (2008), the only ones who clap for Harvey when he is being transferred to prison after coming out as the Batman are the only ones not working for either Maroney or Joker.",find best actor one make love hate switching character,28,1659185558.0,0.204,0.331,0.464,0.6908
126,ii96ml4,"In The Dark Knight (2008), the only ones who clap for Harvey when he is being transferred to prison after coming out as the Batman are the only ones not working for either Maroney or Joker.",turn shitty slimebag speech stab great though,2,1659187071.0,0.477,0.258,0.265,-0.5106
127,ii9798o,"In The Dark Knight (2008), the only ones who clap for Harvey when he is being transferred to prison after coming out as the Batman are the only ones not working for either Maroney or Joker.",cersei bang anyone chance political power,2,1659187405.0,0.0,0.714,0.286,0.25
128,ii9bjn4,"In The Dark Knight (2008), the only ones who clap for Harvey when he is being transferred to prison after coming out as the Batman are the only ones not working for either Maroney or Joker.",yeah sometimes gotta kinda listen snd csn pick mosy ppl saying despite simple typo csused phone screen,-2,1659189618.0,0.0,0.879,0.121,0.296
129,ii8vhde,"In The Dark Knight (2008), the only ones who clap for Harvey when he is being transferred to prison after coming out as the Batman are the only ones not working for either Maroney or Joker.",mike also punch bit dominic west martin freeman,6,1659180282.0,0.0,0.722,0.278,0.4019
130,ii9cb4e,"In The Dark Knight (2008), the only ones who clap for Harvey when he is being transferred to prison after coming out as the Batman are the only ones not working for either Maroney or Joker.",,2,1659189998.0,0.0,0.0,0.0,0.0
131,ii97m1o,"In The Dark Knight (2008), the only ones who clap for Harvey when he is being transferred to prison after coming out as the Batman are the only ones not working for either Maroney or Joker.",hurt veteran yes yes doe,19,1659187599.0,0.315,0.185,0.5,0.25
132,ii96jbd,"In The Dark Knight (2008), the only ones who clap for Harvey when he is being transferred to prison after coming out as the Batman are the only ones not working for either Maroney or Joker.",shepaaaard,10,1659187021.0,0.0,1.0,0.0,0.0
133,iiazyn2,"In The Dark Knight (2008), the only ones who clap for Harvey when he is being transferred to prison after coming out as the Batman are the only ones not working for either Maroney or Joker.",macnamara,3,1659216501.0,0.0,1.0,0.0,0.0
134,ii99bh9,"In The Dark Knight (2008), the only ones who clap for Harvey when he is being transferred to prison after coming out as the Batman are the only ones not working for either Maroney or Joker.",time perfect every time,8,1659188481.0,0.0,0.448,0.552,0.5719
135,ii91elp,"In The Dark Knight (2008), the only ones who clap for Harvey when he is being transferred to prison after coming out as the Batman are the only ones not working for either Maroney or Joker.",understood reference,15,1659184125.0,0.0,1.0,0.0,0.0
136,ii99e30,"In The Dark Knight (2008), the only ones who clap for Harvey when he is being transferred to prison after coming out as the Batman are the only ones not working for either Maroney or Joker.",scum like wuertz rimerez,43,1659188518.0,0.0,0.545,0.455,0.3612
137,ii9xyjl,"In The Dark Knight (2008), the only ones who clap for Harvey when he is being transferred to prison after coming out as the Batman are the only ones not working for either Maroney or Joker.",pretty sure actually shaking head scene lol like tried make sympathize ramirez corrupt wuertz like make total piece shit,5,1659199827.0,0.173,0.392,0.435,0.7906
138,iiam076,"In The Dark Knight (2008), the only ones who clap for Harvey when he is being transferred to prison after coming out as the Batman are the only ones not working for either Maroney or Joker.",guy far right one asks joker want take middle right guy hostage joker say want phone call,1,1659210306.0,0.0,0.699,0.301,0.3818
139,ii9qc7k,"In The Dark Knight (2008), the only ones who clap for Harvey when he is being transferred to prison after coming out as the Batman are the only ones not working for either Maroney or Joker.",dominic decocco,5,1659196447.0,0.0,1.0,0.0,0.0
140,ii92e3e,"In The Dark Knight (2008), the only ones who clap for Harvey when he is being transferred to prison after coming out as the Batman are the only ones not working for either Maroney or Joker.",ovum,7,1659184698.0,0.0,1.0,0.0,0.0
141,ii8vtvc,"In The Dark Knight (2008), the only ones who clap for Harvey when he is being transferred to prison after coming out as the Batman are the only ones not working for either Maroney or Joker.",wa saint,12,1659180529.0,0.0,1.0,0.0,0.0
142,ii917ye,"In The Dark Knight (2008), the only ones who clap for Harvey when he is being transferred to prison after coming out as the Batman are the only ones not working for either Maroney or Joker.",mfer look like charley uncle jack,15,1659184014.0,0.0,0.667,0.333,0.3612
143,ii91h7u,"In The Dark Knight (2008), the only ones who clap for Harvey when he is being transferred to prison after coming out as the Batman are the only ones not working for either Maroney or Joker.",guy look like self conscious hand size,5,1659184167.0,0.0,0.467,0.533,0.6908
144,ii8zz6w,"In The Dark Knight (2008), the only ones who clap for Harvey when he is being transferred to prison after coming out as the Batman are the only ones not working for either Maroney or Joker.",maroney not maroni,-4,1659183250.0,0.0,1.0,0.0,0.0
145,ii9861m,"In The Dark Knight (2008), the only ones who clap for Harvey when he is being transferred to prison after coming out as the Batman are the only ones not working for either Maroney or Joker.",purity test ruin world,6,1659187891.0,0.559,0.441,0.0,-0.5859
146,ii9jnpd,"In The Dark Knight (2008), the only ones who clap for Harvey when he is being transferred to prison after coming out as the Batman are the only ones not working for either Maroney or Joker.",also confuses even thought clapping sarcastically several cop died batman glad got,4,1659193452.0,0.421,0.421,0.158,-0.6124
147,iia5qtc,"In The Dark Knight (2008), the only ones who clap for Harvey when he is being transferred to prison after coming out as the Batman are the only ones not working for either Maroney or Joker.",wa concerned state math education,3,1659203259.0,0.0,1.0,0.0,0.0
148,ii9jy8o,"In The Dark Knight (2008), the only ones who clap for Harvey when he is being transferred to prison after coming out as the Batman are the only ones not working for either Maroney or Joker.",except not people dead cop next hopefully whoever next mastered first grade english mathematics,1,1659193578.0,0.0,0.661,0.339,0.7304
149,ij0sdv2,"In The Dark Knight (2008), the only ones who clap for Harvey when he is being transferred to prison after coming out as the Batman are the only ones not working for either Maroney or Joker.",checkmate mathematician,1,1659680305.0,0.0,1.0,0.0,0.0
150,iiay8yk,"In The Dark Knight (2008), the only ones who clap for Harvey when he is being transferred to prison after coming out as the Batman are the only ones not working for either Maroney or Joker.",female cop kidnaps rachel explains harvey wa debt mob actually know wa going happen maggie possible know,20,1659215737.0,0.135,0.865,0.0,-0.3612
151,ii9r3fp,"In The Dark Knight (2008), the only ones who clap for Harvey when he is being transferred to prison after coming out as the Batman are the only ones not working for either Maroney or Joker.",guy left shot two cop reacting smiling,24,1659196786.0,0.0,0.667,0.333,0.4588
152,ii8lgsr,"In The Dark Knight (2008), the only ones who clap for Harvey when he is being transferred to prison after coming out as the Batman are the only ones not working for either Maroney or Joker.",neither looked person escorting reacted actual big explosion coming direction person escorting rewatched though,137,1659172201.0,0.0,1.0,0.0,0.0
153,ii93y70,"In The Dark Knight (2008), the only ones who clap for Harvey when he is being transferred to prison after coming out as the Batman are the only ones not working for either Maroney or Joker.",tell even know going not escorting,15,1659185599.0,0.0,1.0,0.0,0.0
154,ii8pssb,"In The Dark Knight (2008), the only ones who clap for Harvey when he is being transferred to prison after coming out as the Batman are the only ones not working for either Maroney or Joker.",deleted,46,1659175864.0,0.0,1.0,0.0,0.0
155,ii9cxf4,"In The Dark Knight (2008), the only ones who clap for Harvey when he is being transferred to prison after coming out as the Batman are the only ones not working for either Maroney or Joker.",escorting know going,5,1659190306.0,0.0,1.0,0.0,0.0
156,iia4u9w,"In The Dark Knight (2008), the only ones who clap for Harvey when he is being transferred to prison after coming out as the Batman are the only ones not working for either Maroney or Joker.",popped need get shirt together,15,1659202871.0,0.0,1.0,0.0,0.0
157,ii9tlpx,"In The Dark Knight (2008), the only ones who clap for Harvey when he is being transferred to prison after coming out as the Batman are the only ones not working for either Maroney or Joker.",haha damn auto correct,2,1659197903.0,0.351,0.26,0.39,0.0772
158,ii8ue6y,"In The Dark Knight (2008), the only ones who clap for Harvey when he is being transferred to prison after coming out as the Batman are the only ones not working for either Maroney or Joker.",not strictly profession physical trait place origin many factor including simply son daughter someone think folksy theory,98,1659179482.0,0.0,1.0,0.0,0.0
159,ii8uwar,"In The Dark Knight (2008), the only ones who clap for Harvey when he is being transferred to prison after coming out as the Batman are the only ones not working for either Maroney or Joker.",not theory lol,25,1659179860.0,0.538,0.462,0.0,-0.3252
160,ii8pvkx,"In The Dark Knight (2008), the only ones who clap for Harvey when he is being transferred to prison after coming out as the Batman are the only ones not working for either Maroney or Joker.",breaking farmstead milking cow night,20,1659175928.0,0.0,1.0,0.0,0.0
161,ii98f6s,"In The Dark Knight (2008), the only ones who clap for Harvey when he is being transferred to prison after coming out as the Batman are the only ones not working for either Maroney or Joker.",not theory history name available,12,1659188023.0,0.0,1.0,0.0,0.0
162,ii9khol,"In The Dark Knight (2008), the only ones who clap for Harvey when he is being transferred to prison after coming out as the Batman are the only ones not working for either Maroney or Joker.",family case grandfather changed name moved across country running police,3,1659193818.0,0.0,1.0,0.0,0.0
163,iiaaxay,"In The Dark Knight (2008), the only ones who clap for Harvey when he is being transferred to prison after coming out as the Batman are the only ones not working for either Maroney or Joker.",not theory fact,3,1659205490.0,0.0,1.0,0.0,0.0
164,ii9jkhj,"In The Dark Knight (2008), the only ones who clap for Harvey when he is being transferred to prison after coming out as the Batman are the only ones not working for either Maroney or Joker.",every meet someone last name dube shit hold true today,2,1659193415.0,0.25,0.556,0.194,-0.2023
165,iibgoao,"In The Dark Knight (2008), the only ones who clap for Harvey when he is being transferred to prison after coming out as the Batman are the only ones not working for either Maroney or Joker.",ramsbottom ha explaining,2,1659224337.0,0.0,0.455,0.545,0.34
166,ii94txd,"In The Dark Knight (2008), the only ones who clap for Harvey when he is being transferred to prison after coming out as the Batman are the only ones not working for either Maroney or Joker.",yeah fuck jerry seinfeld,11,1659186088.0,0.455,0.26,0.286,-0.3182
167,ii99vxd,"In The Dark Knight (2008), the only ones who clap for Harvey when he is being transferred to prison after coming out as the Batman are the only ones not working for either Maroney or Joker.",yeah like sam rockwell green mile compared literally role,13,1659188775.0,0.0,0.598,0.402,0.5719
168,ii96yik,"In The Dark Knight (2008), the only ones who clap for Harvey when he is being transferred to prison after coming out as the Batman are the only ones not working for either Maroney or Joker.",yeah wooh wa good got fact wa willing let stick wa immediately betrayed betrayal cost husband life movie really made mad well haha however scumbagness wire fitting,-4,1659187246.0,0.27,0.479,0.251,-0.4243
169,iibuk5z,"In The Dark Knight (2008), the only ones who clap for Harvey when he is being transferred to prison after coming out as the Batman are the only ones not working for either Maroney or Joker.",wrex,2,1659231118.0,0.0,1.0,0.0,0.0
170,ii9i5f8,"In The Dark Knight (2008), the only ones who clap for Harvey when he is being transferred to prison after coming out as the Batman are the only ones not working for either Maroney or Joker.",older meme sir check,5,1659192777.0,0.0,1.0,0.0,0.0
171,iia0zk1,"In The Dark Knight (2008), the only ones who clap for Harvey when he is being transferred to prison after coming out as the Batman are the only ones not working for either Maroney or Joker.",reference repeating joke,1,1659201164.0,0.0,0.476,0.524,0.296
172,iia4qxz,"In The Dark Knight (2008), the only ones who clap for Harvey when he is being transferred to prison after coming out as the Batman are the only ones not working for either Maroney or Joker.",hey tried make sympathize ramirez corrupt yeah going beginning already talk mom back hospital almost every line wuertz asshole selfish line like bar right dent shoot,3,1659202831.0,0.171,0.683,0.146,-0.2023
173,iiaseha,"In The Dark Knight (2008), the only ones who clap for Harvey when he is being transferred to prison after coming out as the Batman are the only ones not working for either Maroney or Joker.",guy far right one asks joker want take middle right guy hostage went movie found outfit everything indication bad dude although joker hesitate blow well course,1,1659213135.0,0.175,0.625,0.2,-0.296
174,ii90aik,"In The Dark Knight (2008), the only ones who clap for Harvey when he is being transferred to prison after coming out as the Batman are the only ones not working for either Maroney or Joker.",jeez,10,1659183446.0,0.0,1.0,0.0,0.0
175,ii93d00,"In The Dark Knight (2008), the only ones who clap for Harvey when he is being transferred to prison after coming out as the Batman are the only ones not working for either Maroney or Joker.",charley uncle jack ahahah maybe witness protection,4,1659185257.0,0.0,1.0,0.0,0.0
176,ii95akd,"In The Dark Knight (2008), the only ones who clap for Harvey when he is being transferred to prison after coming out as the Batman are the only ones not working for either Maroney or Joker.",yeah clearly knew camera added ten pound,2,1659186340.0,0.0,0.505,0.495,0.5994
177,ii9xzrv,"In The Dark Knight (2008), the only ones who clap for Harvey when he is being transferred to prison after coming out as the Batman are the only ones not working for either Maroney or Joker.",thats definitely someone el hand picture,2,1659199842.0,0.0,0.404,0.596,0.7096
178,ii95fdq,"In The Dark Knight (2008), the only ones who clap for Harvey when he is being transferred to prison after coming out as the Batman are the only ones not working for either Maroney or Joker.",like moron right,8,1659186413.0,0.478,0.149,0.373,-0.1779
179,ii95v53,"In The Dark Knight (2008), the only ones who clap for Harvey when he is being transferred to prison after coming out as the Batman are the only ones not working for either Maroney or Joker.",click link maroni not maroney,-2,1659186657.0,0.0,1.0,0.0,0.0
180,iia3ney,"In The Dark Knight (2008), the only ones who clap for Harvey when he is being transferred to prison after coming out as the Batman are the only ones not working for either Maroney or Joker.",whoosh,1,1659202352.0,0.0,1.0,0.0,0.0
181,iibto4l,"In The Dark Knight (2008), the only ones who clap for Harvey when he is being transferred to prison after coming out as the Batman are the only ones not working for either Maroney or Joker.",mean know know mob would hurt assistant currently prosecuting mob bos wa named next target assassination joker though,21,1659230679.0,0.307,0.63,0.063,-0.7783
182,iia6mat,"In The Dark Knight (2008), the only ones who clap for Harvey when he is being transferred to prison after coming out as the Batman are the only ones not working for either Maroney or Joker.",watched paused replayed multiple time guy left smiling,50,1659203639.0,0.0,0.7,0.3,0.4588
183,iiayfzb,"In The Dark Knight (2008), the only ones who clap for Harvey when he is being transferred to prison after coming out as the Batman are the only ones not working for either Maroney or Joker.",people react weirdly dangerous situation,0,1659215823.0,0.639,0.361,0.0,-0.6486
184,ii8o561,"In The Dark Knight (2008), the only ones who clap for Harvey when he is being transferred to prison after coming out as the Batman are the only ones not working for either Maroney or Joker.",must cool guy,110,1659174471.0,0.0,0.465,0.535,0.3182
185,ii8vy8s,"In The Dark Knight (2008), the only ones who clap for Harvey when he is being transferred to prison after coming out as the Batman are the only ones not working for either Maroney or Joker.",sure fine,16,1659180614.0,0.0,0.0,1.0,0.4767
186,ii90bbs,"In The Dark Knight (2008), the only ones who clap for Harvey when he is being transferred to prison after coming out as the Batman are the only ones not working for either Maroney or Joker.",could watch girlfriend drive notice anything outside car length front exist yet,11,1659183459.0,0.0,1.0,0.0,0.0
187,ii95rqp,"In The Dark Knight (2008), the only ones who clap for Harvey when he is being transferred to prison after coming out as the Batman are the only ones not working for either Maroney or Joker.",yep exactly happened always assumed,2,1659186604.0,0.0,0.645,0.355,0.296
188,ii93g83,"In The Dark Knight (2008), the only ones who clap for Harvey when he is being transferred to prison after coming out as the Batman are the only ones not working for either Maroney or Joker.",memory think like second show reaction cut another scene dumb able process happened space time,1,1659185308.0,0.271,0.603,0.126,-0.4404
189,ii9src1,"In The Dark Knight (2008), the only ones who clap for Harvey when he is being transferred to prison after coming out as the Batman are the only ones not working for either Maroney or Joker.",tell joke going heaven hell,1,1659197526.0,0.38,0.165,0.455,-0.0258
190,ii8r6ym,"In The Dark Knight (2008), the only ones who clap for Harvey when he is being transferred to prison after coming out as the Batman are the only ones not working for either Maroney or Joker.",also one distinctly say something effect even know going could lead escort,39,1659177014.0,0.0,1.0,0.0,0.0
191,ii8s31b,"In The Dark Knight (2008), the only ones who clap for Harvey when he is being transferred to prison after coming out as the Batman are the only ones not working for either Maroney or Joker.",remember reaction saying exactly driving away much driving front,1,1659177718.0,0.0,1.0,0.0,0.0
192,iib79yk,"In The Dark Knight (2008), the only ones who clap for Harvey when he is being transferred to prison after coming out as the Batman are the only ones not working for either Maroney or Joker.",notice surprised watch scene,0,1659219875.0,0.0,0.612,0.388,0.2263
193,ii9spzu,"In The Dark Knight (2008), the only ones who clap for Harvey when he is being transferred to prison after coming out as the Batman are the only ones not working for either Maroney or Joker.",know setting killed joke die know,1,1659197509.0,0.618,0.221,0.162,-0.802
194,iiazlp8,"In The Dark Knight (2008), the only ones who clap for Harvey when he is being transferred to prison after coming out as the Batman are the only ones not working for either Maroney or Joker.",shit together see one misspelling gonna loose mind,3,1659216339.0,0.496,0.504,0.0,-0.7096
195,ii8usy5,"In The Dark Knight (2008), the only ones who clap for Harvey when he is being transferred to prison after coming out as the Batman are the only ones not working for either Maroney or Joker.",bulcock physical trait hmmmmm,43,1659179789.0,0.0,1.0,0.0,0.0
196,ii8uzhe,"In The Dark Knight (2008), the only ones who clap for Harvey when he is being transferred to prison after coming out as the Batman are the only ones not working for either Maroney or Joker.",physical trait given context probably right,16,1659179925.0,0.0,1.0,0.0,0.0
197,ii99qqu,"In The Dark Knight (2008), the only ones who clap for Harvey when he is being transferred to prison after coming out as the Batman are the only ones not working for either Maroney or Joker.",talking john smith john small john winchester john son john,12,1659188699.0,0.0,1.0,0.0,0.0
198,ii97qlf,"In The Dark Knight (2008), the only ones who clap for Harvey when he is being transferred to prison after coming out as the Batman are the only ones not working for either Maroney or Joker.",mine translates fist always made wonder,4,1659187667.0,0.0,1.0,0.0,0.0
199,ii9fnam,"In The Dark Knight (2008), the only ones who clap for Harvey when he is being transferred to prison after coming out as the Batman are the only ones not working for either Maroney or Joker.",archeologist indicate usage full sized human male substitute bull bullseye date back beginning early homosapiens discovered size comparison wa nearly identical theory folksy theory,1,1659191608.0,0.0,1.0,0.0,0.0
200,iiby90t,"In The Dark Knight (2008), the only ones who clap for Harvey when he is being transferred to prison after coming out as the Batman are the only ones not working for either Maroney or Joker.",fact sen son last name mean son stephenson christianson erickson jensen hanson janson johnson jason jefferson jamison,1,1659232939.0,0.0,1.0,0.0,0.0
201,ii9govc,"In The Dark Knight (2008), the only ones who clap for Harvey when he is being transferred to prison after coming out as the Batman are the only ones not working for either Maroney or Joker.",gotta love barry bee though,4,1659192104.0,0.0,0.488,0.512,0.6369
202,ii9dbrj,"In The Dark Knight (2008), the only ones who clap for Harvey when he is being transferred to prison after coming out as the Batman are the only ones not working for either Maroney or Joker.",great example wa especially scummy heist great jojo rabbit think ha knack coming across little unstable regardless moral alignment,5,1659190503.0,0.079,0.539,0.381,0.8553
203,ii9q285,"In The Dark Knight (2008), the only ones who clap for Harvey when he is being transferred to prison after coming out as the Batman are the only ones not working for either Maroney or Joker.",play side three billboard hell movie great acting everyone,3,1659196324.0,0.269,0.351,0.38,0.2263
204,ii9i7i1,"In The Dark Knight (2008), the only ones who clap for Harvey when he is being transferred to prison after coming out as the Batman are the only ones not working for either Maroney or Joker.",loved right also love dance lot role cool,2,1659192802.0,0.0,0.325,0.675,0.886
205,ii97j4z,"In The Dark Knight (2008), the only ones who clap for Harvey when he is being transferred to prison after coming out as the Batman are the only ones not working for either Maroney or Joker.",wa willing whatever wa necessary save husband country made,2,1659187555.0,0.0,0.714,0.286,0.4939
206,iiax7q4,"In The Dark Knight (2008), the only ones who clap for Harvey when he is being transferred to prison after coming out as the Batman are the only ones not working for either Maroney or Joker.",seem like fun person hang lol,1,1659215275.0,0.0,0.259,0.741,0.8225
207,iiayuo6,"In The Dark Knight (2008), the only ones who clap for Harvey when he is being transferred to prison after coming out as the Batman are the only ones not working for either Maroney or Joker.",yeah think connection joker mob think wa made fairly clear movie two dirty cop gordon group guy gordon group since neither weurtz ramirez think dirty,2,1659216003.0,0.181,0.623,0.196,-0.128
208,ii961bu,"In The Dark Knight (2008), the only ones who clap for Harvey when he is being transferred to prison after coming out as the Batman are the only ones not working for either Maroney or Joker.",character question though maroney irish name understandable mistake make,4,1659186749.0,0.231,0.769,0.0,-0.34
209,iiaehbo,"In The Dark Knight (2008), the only ones who clap for Harvey when he is being transferred to prison after coming out as the Batman are the only ones not working for either Maroney or Joker.",,2,1659207025.0,0.0,0.0,0.0,0.0
210,iiaf0jl,"In The Dark Knight (2008), the only ones who clap for Harvey when he is being transferred to prison after coming out as the Batman are the only ones not working for either Maroney or Joker.",well crap believe guy solid accurate evidence batman,50,1659207254.0,0.23,0.442,0.327,0.0258
211,iieo2ph,"In The Dark Knight (2008), the only ones who clap for Harvey when he is being transferred to prison after coming out as the Batman are the only ones not working for either Maroney or Joker.",try,2,1659289773.0,0.0,1.0,0.0,0.0
212,ii8p4zr,"In The Dark Knight (2008), the only ones who clap for Harvey when he is being transferred to prison after coming out as the Batman are the only ones not working for either Maroney or Joker.",not even scratch,18,1659175311.0,0.0,1.0,0.0,0.0
213,ii9v75q,"In The Dark Knight (2008), the only ones who clap for Harvey when he is being transferred to prison after coming out as the Batman are the only ones not working for either Maroney or Joker.",never said escort said location left idk not escort unless missed,8,1659198607.0,0.114,0.732,0.154,0.125
214,ii8ww7h,"In The Dark Knight (2008), the only ones who clap for Harvey when he is being transferred to prison after coming out as the Batman are the only ones not working for either Maroney or Joker.",would drive behind protecting,4,1659181262.0,0.0,1.0,0.0,0.0
215,iibhbo7,"In The Dark Knight (2008), the only ones who clap for Harvey when he is being transferred to prison after coming out as the Batman are the only ones not working for either Maroney or Joker.",deleted,0,1659224655.0,0.0,1.0,0.0,0.0
216,ii9i8av,"In The Dark Knight (2008), the only ones who clap for Harvey when he is being transferred to prison after coming out as the Batman are the only ones not working for either Maroney or Joker.",big,11,1659192812.0,0.0,1.0,0.0,0.0
217,iibujfs,"In The Dark Knight (2008), the only ones who clap for Harvey when he is being transferred to prison after coming out as the Batman are the only ones not working for either Maroney or Joker.",take mother unfortunately,2,1659231108.0,0.545,0.455,0.0,-0.34
218,ii9f7uc,"In The Dark Knight (2008), the only ones who clap for Harvey when he is being transferred to prison after coming out as the Batman are the only ones not working for either Maroney or Joker.",like robertson sigurdsdottir,4,1659191404.0,0.0,0.444,0.556,0.3612
219,ii980nm,"In The Dark Knight (2008), the only ones who clap for Harvey when he is being transferred to prison after coming out as the Batman are the only ones not working for either Maroney or Joker.",faust,3,1659187815.0,0.0,1.0,0.0,0.0
220,ii9nc7i,"In The Dark Knight (2008), the only ones who clap for Harvey when he is being transferred to prison after coming out as the Batman are the only ones not working for either Maroney or Joker.",rockwell one incredibly likable actor accepts role tend always push acting ability bit time movie complete dud sure tell ha never phoned day wa working set someone star movie sole actor screen time alone get bored one time course movie moon safe safe good actor,3,1659195116.0,0.103,0.59,0.308,0.9035
221,iiazlig,"In The Dark Knight (2008), the only ones who clap for Harvey when he is being transferred to prison after coming out as the Batman are the only ones not working for either Maroney or Joker.",bet really fun party lol,0,1659216337.0,0.0,0.172,0.828,0.8636
222,iiaig8p,"In The Dark Knight (2008), the only ones who clap for Harvey when he is being transferred to prison after coming out as the Batman are the only ones not working for either Maroney or Joker.",batman comment becomes much convincing read christian bale scratchy voice,16,1659208759.0,0.0,0.769,0.231,0.4019
223,iiarx85,"In The Dark Knight (2008), the only ones who clap for Harvey when he is being transferred to prison after coming out as the Batman are the only ones not working for either Maroney or Joker.",listen batman bum,3,1659212926.0,0.0,1.0,0.0,0.0
224,iien9qw,"In The Dark Knight (2008), the only ones who clap for Harvey when he is being transferred to prison after coming out as the Batman are the only ones not working for either Maroney or Joker.",know joking pretty easy spot,2,1659289435.0,0.0,0.2,0.8,0.7906
225,iifyggy,"In The Dark Knight (2008), the only ones who clap for Harvey when he is being transferred to prison after coming out as the Batman are the only ones not working for either Maroney or Joker.",late batman thread dead,1,1659310013.0,0.589,0.411,0.0,-0.6486
226,ii90b41,"In The Dark Knight (2008), the only ones who clap for Harvey when he is being transferred to prison after coming out as the Batman are the only ones not working for either Maroney or Joker.",aim bush,27,1659183456.0,0.0,1.0,0.0,0.0
227,iia2ny4,"In The Dark Knight (2008), the only ones who clap for Harvey when he is being transferred to prison after coming out as the Batman are the only ones not working for either Maroney or Joker.",know rover commented,6,1659201913.0,0.0,1.0,0.0,0.0
228,ii8yi2c,"In The Dark Knight (2008), the only ones who clap for Harvey when he is being transferred to prison after coming out as the Batman are the only ones not working for either Maroney or Joker.",going place keep dark meet make sense unless get car bomb get away,4,1659182331.0,0.211,0.789,0.0,-0.4939
229,iibjdgj,"In The Dark Knight (2008), the only ones who clap for Harvey when he is being transferred to prison after coming out as the Batman are the only ones not working for either Maroney or Joker.",watch expression definitely change moment explosion cut away,0,1659225657.0,0.194,0.556,0.25,0.1531
230,ii9bm6o,"In The Dark Knight (2008), the only ones who clap for Harvey when he is being transferred to prison after coming out as the Batman are the only ones not working for either Maroney or Joker.",dutch version freund,3,1659189652.0,0.0,1.0,0.0,0.0
231,ii90l6o,"In The Dark Knight (2008), the only ones who clap for Harvey when he is being transferred to prison after coming out as the Batman are the only ones not working for either Maroney or Joker.",even awning direction jumped story,19,1659183627.0,0.0,1.0,0.0,0.0
232,ii962i3,"In The Dark Knight (2008), the only ones who clap for Harvey when he is being transferred to prison after coming out as the Batman are the only ones not working for either Maroney or Joker.",expecting hit car want anyone knowing location pretty common guard not given kind info prevent leak fewer people know higher odds attacker find inside men expected,3,1659186766.0,0.257,0.58,0.162,-0.6458
233,ii918rn,"In The Dark Knight (2008), the only ones who clap for Harvey when he is being transferred to prison after coming out as the Batman are the only ones not working for either Maroney or Joker.",go herooooo watch go thud,13,1659184028.0,0.0,1.0,0.0,0.0
234,ii91wy9,"In The Dark Knight (2008), the only ones who clap for Harvey when he is being transferred to prison after coming out as the Batman are the only ones not working for either Maroney or Joker.",want talk ill shove hand work mouth like puppet,11,1659184424.0,0.189,0.338,0.473,0.4939
235,ii96ypt,"In The Dark Knight (2008), the only ones who clap for Harvey when he is being transferred to prison after coming out as the Batman are the only ones not working for either Maroney or Joker.",explain advantage security get not knowing need escorting charge location could possibly benefit unless people delivering message not escorting,-1,1659187248.0,0.0,0.684,0.316,0.7506
