,title,id,body,score,created
0,ii87cti,"In The Dark Knight (2008), the only ones who clap for Harvey when he is being transferred to prison after coming out as the Batman are the only ones not working for either Maroney or Joker.","Hi! This is our new Moviedetailsmodbot! 

---

If this post fits /r/MovieDetails, **UPVOTE** this comment!!

If this post does not fit /r/MovieDetails, **DOWNVOTE** This comment!

If this post breaks the rules, **DOWNVOTE** this comment and **REPORT** the post!",1,1659160969.0
1,ii90kye,"In The Dark Knight (2008), the only ones who clap for Harvey when he is being transferred to prison after coming out as the Batman are the only ones not working for either Maroney or Joker.",Clapping guy in front right voices Joshua Graham. Super bad ass voice.,144,1659183623.0
2,ii8hh7g,"In The Dark Knight (2008), the only ones who clap for Harvey when he is being transferred to prison after coming out as the Batman are the only ones not working for either Maroney or Joker.","Could've sworn the guy on the far right worked for joker, he was the one that delivered the letter to the chick who got blown up in her car wasn't he??",1490,1659168842.0
3,ii8hndu,"In The Dark Knight (2008), the only ones who clap for Harvey when he is being transferred to prison after coming out as the Batman are the only ones not working for either Maroney or Joker.",Is the guy on the far right who looks like discount Mark Wahlberg a known actor? I swear i‚Äôve seen him in something else,867,1659168984.0
4,ii8fv25,"In The Dark Knight (2008), the only ones who clap for Harvey when he is being transferred to prison after coming out as the Batman are the only ones not working for either Maroney or Joker.",Assuming direct control,167,1659167509.0
5,ii8s0ob,"In The Dark Knight (2008), the only ones who clap for Harvey when he is being transferred to prison after coming out as the Batman are the only ones not working for either Maroney or Joker.",Maroni*,50,1659177668.0
6,ii8d2bj,"In The Dark Knight (2008), the only ones who clap for Harvey when he is being transferred to prison after coming out as the Batman are the only ones not working for either Maroney or Joker.",Never noticed that but that's so cool,214,1659165269.0
7,ii88kyc,"In The Dark Knight (2008), the only ones who clap for Harvey when he is being transferred to prison after coming out as the Batman are the only ones not working for either Maroney or Joker.",Gotem,211,1659161872.0
8,ii8kf97,"In The Dark Knight (2008), the only ones who clap for Harvey when he is being transferred to prison after coming out as the Batman are the only ones not working for either Maroney or Joker.","This film is in my top 5, its awesome",97,1659171321.0
9,ii8udsu,"In The Dark Knight (2008), the only ones who clap for Harvey when he is being transferred to prison after coming out as the Batman are the only ones not working for either Maroney or Joker.","I don't remember seeing most of these ""not clappers"" again.",61,1659179473.0
10,ii8m96t,"In The Dark Knight (2008), the only ones who clap for Harvey when he is being transferred to prison after coming out as the Batman are the only ones not working for either Maroney or Joker.","""Maroney""... üò¢ *Cries in Italian*",98,1659172878.0
11,ii8k58m,"In The Dark Knight (2008), the only ones who clap for Harvey when he is being transferred to prison after coming out as the Batman are the only ones not working for either Maroney or Joker.",The real MVPs,8,1659171083.0
12,ii8uhdn,"In The Dark Knight (2008), the only ones who clap for Harvey when he is being transferred to prison after coming out as the Batman are the only ones not working for either Maroney or Joker.",Is there proof of this?,22,1659179550.0
13,ii8rssy,"In The Dark Knight (2008), the only ones who clap for Harvey when he is being transferred to prison after coming out as the Batman are the only ones not working for either Maroney or Joker.",I knew Bobby flay was incorruptible,8,1659177496.0
14,ii8g8ij,"In The Dark Knight (2008), the only ones who clap for Harvey when he is being transferred to prison after coming out as the Batman are the only ones not working for either Maroney or Joker.",Also the framing of them is split in....2,28,1659167820.0
15,ii95m2q,"In The Dark Knight (2008), the only ones who clap for Harvey when he is being transferred to prison after coming out as the Batman are the only ones not working for either Maroney or Joker.",source?,6,1659186517.0
16,ii964ss,"In The Dark Knight (2008), the only ones who clap for Harvey when he is being transferred to prison after coming out as the Batman are the only ones not working for either Maroney or Joker.",Nah lol,7,1659186802.0
17,ii8wm1r,"In The Dark Knight (2008), the only ones who clap for Harvey when he is being transferred to prison after coming out as the Batman are the only ones not working for either Maroney or Joker.",How can you be sure of thisÔºü,18,1659181067.0
18,ii9zrxr,"In The Dark Knight (2008), the only ones who clap for Harvey when he is being transferred to prison after coming out as the Batman are the only ones not working for either Maroney or Joker.","I always saw it it that a lot of Gotham cops just plain don't like Harvey. He's a threat to them because he's always been known for cracking down on corruption - it was established in the hospital scene that it was police officers who first started calling him ""Harvey Two-Face"". Plus in his press conference he was heckled with ""no more dead cops."" So I interpret this scene as more that he's always had a difficult relationship with the GCPD.",3,1659200624.0
19,ii95jty,"In The Dark Knight (2008), the only ones who clap for Harvey when he is being transferred to prison after coming out as the Batman are the only ones not working for either Maroney or Joker.",Or the ones not clapping believe in the justice system and recognize that a District Attorney operating as an extrajudicial vigilante is like dumping a giant turd on it.,6,1659186482.0
20,ii95to3,"In The Dark Knight (2008), the only ones who clap for Harvey when he is being transferred to prison after coming out as the Batman are the only ones not working for either Maroney or Joker.",Maroni,2,1659186634.0
21,iiagui8,"In The Dark Knight (2008), the only ones who clap for Harvey when he is being transferred to prison after coming out as the Batman are the only ones not working for either Maroney or Joker.",I‚Äôll preface with I‚Äôm a moron.  This sentence doesn‚Äôt make sense to me.   Can we ELI5?,2,1659208049.0
22,ii95hyw,"In The Dark Knight (2008), the only ones who clap for Harvey when he is being transferred to prison after coming out as the Batman are the only ones not working for either Maroney or Joker.",Thought this was /r/shittymoviedetails for a sec,5,1659186453.0
23,iiaf7f9,"In The Dark Knight (2008), the only ones who clap for Harvey when he is being transferred to prison after coming out as the Batman are the only ones not working for either Maroney or Joker.",I don‚Äôt want to be that guy but the OP is just making this up. There‚Äôs no proof any of those background extras worked for either Maroney or Joker.,2,1659207336.0
24,ii8n9fo,"In The Dark Knight (2008), the only ones who clap for Harvey when he is being transferred to prison after coming out as the Batman are the only ones not working for either Maroney or Joker.",Just like real life,2,1659173735.0
25,ii95bab,"In The Dark Knight (2008), the only ones who clap for Harvey when he is being transferred to prison after coming out as the Batman are the only ones not working for either Maroney or Joker.",wow so deep,1,1659186351.0
26,ii8pjug,"In The Dark Knight (2008), the only ones who clap for Harvey when he is being transferred to prison after coming out as the Batman are the only ones not working for either Maroney or Joker.",Nice catch!,1,1659175661.0
27,ii9czij,"In The Dark Knight (2008), the only ones who clap for Harvey when he is being transferred to prison after coming out as the Batman are the only ones not working for either Maroney or Joker.",I am still so confused by the line that Harvey Dent killed 8 people in the end of the movie.,1,1659190336.0
28,ii9e2gq,"In The Dark Knight (2008), the only ones who clap for Harvey when he is being transferred to prison after coming out as the Batman are the only ones not working for either Maroney or Joker.",Oh wow,1,1659190859.0
29,ii9f3ar,"In The Dark Knight (2008), the only ones who clap for Harvey when he is being transferred to prison after coming out as the Batman are the only ones not working for either Maroney or Joker.",We sure that isn‚Äôt just a coincidence?,1,1659191345.0
30,ii9hkjf,"In The Dark Knight (2008), the only ones who clap for Harvey when he is being transferred to prison after coming out as the Batman are the only ones not working for either Maroney or Joker.","I think it took about 6 months to get my vocabulary back after watching this! All that come out of my mouth,,,,""IM BATMAN""",1,1659192507.0
31,ii9mptd,"In The Dark Knight (2008), the only ones who clap for Harvey when he is being transferred to prison after coming out as the Batman are the only ones not working for either Maroney or Joker.","I can‚Äôt believe despite watching this so many times, I never noticed this.",1,1659194829.0
32,ii9q7b1,"In The Dark Knight (2008), the only ones who clap for Harvey when he is being transferred to prison after coming out as the Batman are the only ones not working for either Maroney or Joker.",I thought I saw the clapping guy with the good hair in the background at the commissioners office before he drank from the poisoned glass?,1,1659196386.0
33,iic2yrw,"In The Dark Knight (2008), the only ones who clap for Harvey when he is being transferred to prison after coming out as the Batman are the only ones not working for either Maroney or Joker.",Amazing detail! Never noticed that!,1,1659235294.0
34,iicc0w7,"In The Dark Knight (2008), the only ones who clap for Harvey when he is being transferred to prison after coming out as the Batman are the only ones not working for either Maroney or Joker.","Clapping guy on the left is the one who beats joker when in custody and gets taken hostage for his ‚Äúphone call‚Äù, right?",1,1659239970.0
35,ii95cs4,"In The Dark Knight (2008), the only ones who clap for Harvey when he is being transferred to prison after coming out as the Batman are the only ones not working for either Maroney or Joker.",Tom Holland Sr.,0,1659186374.0
36,ii99kln,"In The Dark Knight (2008), the only ones who clap for Harvey when he is being transferred to prison after coming out as the Batman are the only ones not working for either Maroney or Joker.",He was also Herschel in LA Noire!,49,1659188612.0
37,iiafi4e,"In The Dark Knight (2008), the only ones who clap for Harvey when he is being transferred to prison after coming out as the Batman are the only ones not working for either Maroney or Joker.",Also The Didact in Halo 4,15,1659207465.0
38,iiaxdrg,"In The Dark Knight (2008), the only ones who clap for Harvey when he is being transferred to prison after coming out as the Batman are the only ones not working for either Maroney or Joker.","+ the male Dunmer in Skyrim, Harbinger in ME2, male Ghouls in Fallout 4, and Terrence Kyne in Dead Space,",10,1659215352.0
39,iicerys,"In The Dark Knight (2008), the only ones who clap for Harvey when he is being transferred to prison after coming out as the Batman are the only ones not working for either Maroney or Joker.",He was also in Angel as holtz. Angels arch enemy and the guy kidnaps his son.,2,1659241539.0
40,ix6rmg6,"In The Dark Knight (2008), the only ones who clap for Harvey when he is being transferred to prison after coming out as the Batman are the only ones not working for either Maroney or Joker.",Mickey from Equalizer!,1,1669004028.0
41,ii8ikm4,"In The Dark Knight (2008), the only ones who clap for Harvey when he is being transferred to prison after coming out as the Batman are the only ones not working for either Maroney or Joker.",i don‚Äôt think anyone knew the contents of those letters right? or what the contents meant? i think he was just ignorant,786,1659169764.0
42,ii975e1,"In The Dark Knight (2008), the only ones who clap for Harvey when he is being transferred to prison after coming out as the Batman are the only ones not working for either Maroney or Joker.",None of them worked for the joker the were working for the mob who followed the joker in this movie,23,1659187347.0
43,ii96jnu,"In The Dark Knight (2008), the only ones who clap for Harvey when he is being transferred to prison after coming out as the Batman are the only ones not working for either Maroney or Joker.","No, he was in the MCU to give Joker the phone to blow up the guy with the phone-bomb in his stomach",49,1659187027.0
44,ii98rwm,"In The Dark Knight (2008), the only ones who clap for Harvey when he is being transferred to prison after coming out as the Batman are the only ones not working for either Maroney or Joker.",He has to be threatened by Joker for a phone.,5,1659188204.0
45,ii8knij,"In The Dark Knight (2008), the only ones who clap for Harvey when he is being transferred to prison after coming out as the Batman are the only ones not working for either Maroney or Joker.",Philip Bulcock is his name. Never heard of him but that is a badass name.,511,1659171512.0
46,ii8ze79,"In The Dark Knight (2008), the only ones who clap for Harvey when he is being transferred to prison after coming out as the Batman are the only ones not working for either Maroney or Joker.",Could be thinking of the guy who played McNulty on The Wire,36,1659182887.0
47,ii93jy3,"In The Dark Knight (2008), the only ones who clap for Harvey when he is being transferred to prison after coming out as the Batman are the only ones not working for either Maroney or Joker.",He also kinda looks like the guy who plays the classic sniper in saving private Ryan. Guy was in every ear movie for like 20 years,6,1659185369.0
48,ii8nrgy,"In The Dark Knight (2008), the only ones who clap for Harvey when he is being transferred to prison after coming out as the Batman are the only ones not working for either Maroney or Joker.",He‚Äôs kinda giving me Tom Holland resemblance when I zoomed in on his face so you might be thinking that,6,1659174154.0
49,ii9koj3,"In The Dark Knight (2008), the only ones who clap for Harvey when he is being transferred to prison after coming out as the Batman are the only ones not working for either Maroney or Joker.","To me he looks like Mathew Glave, from the Wedding Singer",2,1659193904.0
50,ii99649,"In The Dark Knight (2008), the only ones who clap for Harvey when he is being transferred to prison after coming out as the Batman are the only ones not working for either Maroney or Joker.",He kind of looks like Holt Callany (from Mindhunter).,1,1659188407.0
51,ii9gvni,"In The Dark Knight (2008), the only ones who clap for Harvey when he is being transferred to prison after coming out as the Batman are the only ones not working for either Maroney or Joker.",Id totally watch him in some US military propaganda flick.,1,1659192191.0
52,ii9kj2n,"In The Dark Knight (2008), the only ones who clap for Harvey when he is being transferred to prison after coming out as the Batman are the only ones not working for either Maroney or Joker.",What? No‚Ä¶.,1,1659193836.0
53,ii9ku5x,"In The Dark Knight (2008), the only ones who clap for Harvey when he is being transferred to prison after coming out as the Batman are the only ones not working for either Maroney or Joker.",He looks kinda like McNulty,1,1659193976.0
54,ii9nh3d,"In The Dark Knight (2008), the only ones who clap for Harvey when he is being transferred to prison after coming out as the Batman are the only ones not working for either Maroney or Joker.",he also kinda looks like Tyler Florence from the food network,1,1659195179.0
55,ii9p0wp,"In The Dark Knight (2008), the only ones who clap for Harvey when he is being transferred to prison after coming out as the Batman are the only ones not working for either Maroney or Joker.",Adam Rothenberg lookalike?,1,1659195869.0
56,iib3inv,"In The Dark Knight (2008), the only ones who clap for Harvey when he is being transferred to prison after coming out as the Batman are the only ones not working for either Maroney or Joker.",He gives me Nikolaj Coster-Waldau vibes in a way,1,1659218104.0
57,iibyvn6,"In The Dark Knight (2008), the only ones who clap for Harvey when he is being transferred to prison after coming out as the Batman are the only ones not working for either Maroney or Joker.",Looks like one of the angels on supernatural at first glance.,1,1659233247.0
58,iickhin,"In The Dark Knight (2008), the only ones who clap for Harvey when he is being transferred to prison after coming out as the Batman are the only ones not working for either Maroney or Joker.",And the guy next to him looks like the irish engineer who worked the transporter in star trek,1,1659245060.0
59,ii908ky,"In The Dark Knight (2008), the only ones who clap for Harvey when he is being transferred to prison after coming out as the Batman are the only ones not working for either Maroney or Joker.",I think you know him from this,0,1659183413.0
60,ii8jas5,"In The Dark Knight (2008), the only ones who clap for Harvey when he is being transferred to prison after coming out as the Batman are the only ones not working for either Maroney or Joker.",I am the harbinger of your destruction,81,1659170373.0
61,ii96uku,"In The Dark Knight (2008), the only ones who clap for Harvey when he is being transferred to prison after coming out as the Batman are the only ones not working for either Maroney or Joker.",Macaroni*,48,1659187189.0
62,ii8hjzg,"In The Dark Knight (2008), the only ones who clap for Harvey when he is being transferred to prison after coming out as the Batman are the only ones not working for either Maroney or Joker.","
Deez nut cases running around Gotem City.",76,1659168906.0
63,ii90mkw,"In The Dark Knight (2008), the only ones who clap for Harvey when he is being transferred to prison after coming out as the Batman are the only ones not working for either Maroney or Joker.",Definitely in my top 3 batman movie from Nolan,44,1659183651.0
64,ii8tvol,"In The Dark Knight (2008), the only ones who clap for Harvey when he is being transferred to prison after coming out as the Batman are the only ones not working for either Maroney or Joker.",Straight 5 Out of 7,63,1659179097.0
65,ii8rkao,"In The Dark Knight (2008), the only ones who clap for Harvey when he is being transferred to prison after coming out as the Batman are the only ones not working for either Maroney or Joker.","Watched it every night as a sleep aid for a year

No regrets",16,1659177306.0
66,ii96s2r,"In The Dark Knight (2008), the only ones who clap for Harvey when he is being transferred to prison after coming out as the Batman are the only ones not working for either Maroney or Joker.",The guy with his hands in his jacket (can't remeber his name) gets shot by Harvey in the bar. He had something to do with picking up Harvey and taking him to the warehouse,67,1659187152.0
67,ii8nxxx,"In The Dark Knight (2008), the only ones who clap for Harvey when he is being transferred to prison after coming out as the Batman are the only ones not working for either Maroney or Joker.",Gorlamey,92,1659174304.0
68,ii8qrb5,"In The Dark Knight (2008), the only ones who clap for Harvey when he is being transferred to prison after coming out as the Batman are the only ones not working for either Maroney or Joker.",The sacred and the propane,24,1659176659.0
69,ii90o3n,"In The Dark Knight (2008), the only ones who clap for Harvey when he is being transferred to prison after coming out as the Batman are the only ones not working for either Maroney or Joker.",Look how they massacred my boi,7,1659183677.0
70,ii8vb1w,"In The Dark Knight (2008), the only ones who clap for Harvey when he is being transferred to prison after coming out as the Batman are the only ones not working for either Maroney or Joker.","I always thought Falcone sounded like a made up name.

(Probably that means it's real.)",20,1659180153.0
71,ii9psdg,"In The Dark Knight (2008), the only ones who clap for Harvey when he is being transferred to prison after coming out as the Batman are the only ones not working for either Maroney or Joker.",Maybe they‚Äôre talking about Jenna Maroney,2,1659196203.0
72,ii8vp75,"In The Dark Knight (2008), the only ones who clap for Harvey when he is being transferred to prison after coming out as the Batman are the only ones not working for either Maroney or Joker.",It's an Irish name.,-3,1659180437.0
73,ii9ql5n,"In The Dark Knight (2008), the only ones who clap for Harvey when he is being transferred to prison after coming out as the Batman are the only ones not working for either Maroney or Joker.",[You farging iceholes](https://i.imgur.com/gK0bhXU.jpg),1,1659196559.0
74,iibrr6b,"In The Dark Knight (2008), the only ones who clap for Harvey when he is being transferred to prison after coming out as the Batman are the only ones not working for either Maroney or Joker.","‚ÄúNo more dead cops‚Äù

Yaahhhhh",1,1659229718.0
75,ii90afe,"In The Dark Knight (2008), the only ones who clap for Harvey when he is being transferred to prison after coming out as the Batman are the only ones not working for either Maroney or Joker.",Nope lol,28,1659183445.0
76,ii9hcdi,"In The Dark Knight (2008), the only ones who clap for Harvey when he is being transferred to prison after coming out as the Batman are the only ones not working for either Maroney or Joker.","OP's butt it seems, since they haven't linked one",10,1659192403.0
77,ii90rpz,"In The Dark Knight (2008), the only ones who clap for Harvey when he is being transferred to prison after coming out as the Batman are the only ones not working for either Maroney or Joker.",There‚Äôs enough there to keep this at least mildly probable,18,1659183738.0
78,ii973b1,"In The Dark Knight (2008), the only ones who clap for Harvey when he is being transferred to prison after coming out as the Batman are the only ones not working for either Maroney or Joker.",Maybe. But the rest of the force seems okay (somewhat) with the Batman running around so could be both,5,1659187315.0
79,ii9fbv4,"In The Dark Knight (2008), the only ones who clap for Harvey when he is being transferred to prison after coming out as the Batman are the only ones not working for either Maroney or Joker.",[deleted],6,1659191456.0
80,ii9ffvd,"In The Dark Knight (2008), the only ones who clap for Harvey when he is being transferred to prison after coming out as the Batman are the only ones not working for either Maroney or Joker.","The line is ‚Äú5 dead, 2 of them cops‚Äù, idk where you got 8 from",6,1659191510.0
81,iidh8nz,"In The Dark Knight (2008), the only ones who clap for Harvey when he is being transferred to prison after coming out as the Batman are the only ones not working for either Maroney or Joker.",Yes indeed,1,1659270184.0
82,ii8iqxz,"In The Dark Knight (2008), the only ones who clap for Harvey when he is being transferred to prison after coming out as the Batman are the only ones not working for either Maroney or Joker.",Weren't they shown driving away from the explosion tho and I don't remember them reacting to it. I could be misremembering tho it's been a while since I watched the movie,385,1659169915.0
83,ii9axy9,"In The Dark Knight (2008), the only ones who clap for Harvey when he is being transferred to prison after coming out as the Batman are the only ones not working for either Maroney or Joker.",The judge people who delivered the letter drove off and her car blew up in the background,2,1659189310.0
84,ii9dopj,"In The Dark Knight (2008), the only ones who clap for Harvey when he is being transferred to prison after coming out as the Batman are the only ones not working for either Maroney or Joker.","*major crimes unit 

Did a trouble take myself lol",84,1659190679.0
85,ii8okgt,"In The Dark Knight (2008), the only ones who clap for Harvey when he is being transferred to prison after coming out as the Batman are the only ones not working for either Maroney or Joker.",Bull cock,202,1659174832.0
86,ii8y5nv,"In The Dark Knight (2008), the only ones who clap for Harvey when he is being transferred to prison after coming out as the Batman are the only ones not working for either Maroney or Joker.",I thought it was Ian Bohen for a bit but it‚Äôs early morning for me and my eyes haven‚Äôt fully booted up.,6,1659182108.0
87,ii9kqgn,"In The Dark Knight (2008), the only ones who clap for Harvey when he is being transferred to prison after coming out as the Batman are the only ones not working for either Maroney or Joker.",Kinda hard to be a household moviestar with a name like that.,2,1659193929.0
88,ii93fwc,"In The Dark Knight (2008), the only ones who clap for Harvey when he is being transferred to prison after coming out as the Batman are the only ones not working for either Maroney or Joker.",Def not mcnutty he played the shitty horrible senator in 300 who rapes Le√≥nidas wife. Hated him in 300 but he‚Äôs amazing in the wire,29,1659185304.0
89,ii9dr9t,"In The Dark Knight (2008), the only ones who clap for Harvey when he is being transferred to prison after coming out as the Batman are the only ones not working for either Maroney or Joker.","He looks nothing like Dominic West.

https://encrypted-tbn2.gstatic.com/images?q=tbn:ANd9GcTUf3hTUhHSkU_gn1PI8pTryprtnivmG0NMbR4lzEBtLUHpevIe",1,1659190713.0
90,ii990rr,"In The Dark Knight (2008), the only ones who clap for Harvey when he is being transferred to prison after coming out as the Batman are the only ones not working for either Maroney or Joker.","Ear movies, one of my favorite genres",11,1659188331.0
91,ii8q16p,"In The Dark Knight (2008), the only ones who clap for Harvey when he is being transferred to prison after coming out as the Batman are the only ones not working for either Maroney or Joker.",It's clearly Jeremy Renner after getting in a fight with Mike Tyson,7,1659176060.0
92,ii9j1o2,"In The Dark Knight (2008), the only ones who clap for Harvey when he is being transferred to prison after coming out as the Batman are the only ones not working for either Maroney or Joker.",Definitely old tom holland,1,1659193191.0
93,ii9xlx4,"In The Dark Knight (2008), the only ones who clap for Harvey when he is being transferred to prison after coming out as the Batman are the only ones not working for either Maroney or Joker.",Went straight to the comments to see if anyone thought he looked like Tom Holland. (He does),1,1659199674.0
94,ii8ribo,"In The Dark Knight (2008), the only ones who clap for Harvey when he is being transferred to prison after coming out as the Batman are the only ones not working for either Maroney or Joker.","We impose order on the chaos of organic evolution. You exist because we allow it, and you will end because we demand it.",43,1659177263.0
95,ii8jcsr,"In The Dark Knight (2008), the only ones who clap for Harvey when he is being transferred to prison after coming out as the Batman are the only ones not working for either Maroney or Joker.","Alright alright, let‚Äôs see if this one sticks too 

‚ÄúSo fades the great Harvest of my Betrayal‚Äù",14,1659170421.0
96,ii92qgs,"In The Dark Knight (2008), the only ones who clap for Harvey when he is being transferred to prison after coming out as the Batman are the only ones not working for either Maroney or Joker.",I KNOW YOU FEEL THIS,19,1659184898.0
97,ii99x0f,"In The Dark Knight (2008), the only ones who clap for Harvey when he is being transferred to prison after coming out as the Batman are the only ones not working for either Maroney or Joker.",Macarena*,9,1659188789.0
98,ii9fjfc,"In The Dark Knight (2008), the only ones who clap for Harvey when he is being transferred to prison after coming out as the Batman are the only ones not working for either Maroney or Joker.",Negroni,4,1659191557.0
99,ii99kya,"In The Dark Knight (2008), the only ones who clap for Harvey when he is being transferred to prison after coming out as the Batman are the only ones not working for either Maroney or Joker.",Oh marone a mia',3,1659188617.0
100,ii8wtp4,"In The Dark Knight (2008), the only ones who clap for Harvey when he is being transferred to prison after coming out as the Batman are the only ones not working for either Maroney or Joker.",Yes rated a perfect 5/7,40,1659181214.0
101,ii9qzyk,"In The Dark Knight (2008), the only ones who clap for Harvey when he is being transferred to prison after coming out as the Batman are the only ones not working for either Maroney or Joker.","Glad I'm not the only one who does this.

Did it for Nice Guys as well",5,1659196742.0
102,ii977af,"In The Dark Knight (2008), the only ones who clap for Harvey when he is being transferred to prison after coming out as the Batman are the only ones not working for either Maroney or Joker.",Wuertz. He's also the one in the elevator when the Joker crashes the party at the penthouse.,52,1659187376.0
103,ii9atqy,"In The Dark Knight (2008), the only ones who clap for Harvey when he is being transferred to prison after coming out as the Batman are the only ones not working for either Maroney or Joker.","Yes, he is the only one in this picture not clapping that I remember. Of course the left guy clapping gets overpowered by the Joker and the right most guy seems somewhat familiar like he maybe has 1-2 lines.",11,1659189252.0
104,iiafbvy,"In The Dark Knight (2008), the only ones who clap for Harvey when he is being transferred to prison after coming out as the Batman are the only ones not working for either Maroney or Joker.","Dude, you made this thing up, none of the uniformed background cops are confirmed to be working for the villains.",1,1659207390.0
105,ii93zbz,"In The Dark Knight (2008), the only ones who clap for Harvey when he is being transferred to prison after coming out as the Batman are the only ones not working for either Maroney or Joker.",Margheriti,25,1659185617.0
106,ii8okv5,"In The Dark Knight (2008), the only ones who clap for Harvey when he is being transferred to prison after coming out as the Batman are the only ones not working for either Maroney or Joker.",Gabbagoo,30,1659174841.0
107,ii8ymh4,"In The Dark Knight (2008), the only ones who clap for Harvey when he is being transferred to prison after coming out as the Batman are the only ones not working for either Maroney or Joker.",We are at the precipice of an enormous crossroads.,6,1659182411.0
108,ii90qsg,"In The Dark Knight (2008), the only ones who clap for Harvey when he is being transferred to prison after coming out as the Batman are the only ones not working for either Maroney or Joker.",It‚Äôs a real Italian name‚Ä¶ Ironically [it‚Äôs also the surname of a famous Italian judge killed by the Mafia](https://en.m.wikipedia.org/wiki/Giovanni_Falcone) in the ‚Äò90s,29,1659183723.0
109,ii92ip1,"In The Dark Knight (2008), the only ones who clap for Harvey when he is being transferred to prison after coming out as the Batman are the only ones not working for either Maroney or Joker.",All names are made up.,9,1659184773.0
110,ii94erg,"In The Dark Knight (2008), the only ones who clap for Harvey when he is being transferred to prison after coming out as the Batman are the only ones not working for either Maroney or Joker.",Go to Long Island sir. You will meet a falcone,6,1659185857.0
111,ii8z930,"In The Dark Knight (2008), the only ones who clap for Harvey when he is being transferred to prison after coming out as the Batman are the only ones not working for either Maroney or Joker.",[It isn't.](https://en.wikipedia.org/wiki/Sal_Maroni),2,1659182797.0
112,iiabmxe,"In The Dark Knight (2008), the only ones who clap for Harvey when he is being transferred to prison after coming out as the Batman are the only ones not working for either Maroney or Joker.","agreed, only cops I can remember being bribed were Wuertz and Ramirez, both by Maroni.

The Joker didn‚Äôt bribe any cops. His connections to them was through Maroni.

So I think here are a lot of assumptions.",10,1659205808.0
113,ii97fui,"In The Dark Knight (2008), the only ones who clap for Harvey when he is being transferred to prison after coming out as the Batman are the only ones not working for either Maroney or Joker.","Ok, so this isn't a movie detail. It's a probable movie conjecture",12,1659187506.0
114,ii9eugr,"In The Dark Knight (2008), the only ones who clap for Harvey when he is being transferred to prison after coming out as the Batman are the only ones not working for either Maroney or Joker.",I am a dummy and have a question I've always wondered. Are they clapping in support of Harvey because they know he's just taking the fall? Or because they support his vigilantism? *Or* or because they are happy about his arrest since they do not support his vigilantism?,2,1659191227.0
115,ii9iinx,"In The Dark Knight (2008), the only ones who clap for Harvey when he is being transferred to prison after coming out as the Batman are the only ones not working for either Maroney or Joker.",Maybe he killed the barkeeper too.,1,1659192946.0
116,iia5n7n,"In The Dark Knight (2008), the only ones who clap for Harvey when he is being transferred to prison after coming out as the Batman are the only ones not working for either Maroney or Joker.","I‚Äôm gonna debate you on Maroni. Unless I‚Äôm mistaken, there‚Äôs no evidence that he accidentally died in the crash. Driver? Definitely. But that was survivable for him.",0,1659203215.0
117,ii9ii7q,"In The Dark Knight (2008), the only ones who clap for Harvey when he is being transferred to prison after coming out as the Batman are the only ones not working for either Maroney or Joker.","5+2=7, rounded up is 8.

Next!",6,1659192940.0
118,ii9iczf,"In The Dark Knight (2008), the only ones who clap for Harvey when he is being transferred to prison after coming out as the Batman are the only ones not working for either Maroney or Joker.","I only watched it dubbed, either I misremember or the changed it in translation.",1,1659192872.0
119,ii965kp,"In The Dark Knight (2008), the only ones who clap for Harvey when he is being transferred to prison after coming out as the Batman are the only ones not working for either Maroney or Joker.","Here‚Äôs the full scene of the Gordon trying to protect the three officials Joker is gunning for: https://youtu.be/-XswLfehW-U

Cops tell the judge even they don‚Äôt know where she is supposed to go, and then leave while she‚Äôs getting into her car. We barely get one second of their reaction when her car blows up, showing the cops look back. It‚Äôs not enough to tell their emotions or loyalty, and is likely a deliberate choice by Director Nolan. 

He just set up the fact that the police are compromised with Gordon explaining that the Joker has someone who can get inside the police commissioner‚Äôs office, right as he drinks poisoned alcohol. He‚Äôs not going to immediately reveal the crooked cops, and will tease out how so many were compromised.

So I don‚Äôt think those cops knew the judge‚Äôs car had a bomb.",264,1659186814.0
120,ii8k608,"In The Dark Knight (2008), the only ones who clap for Harvey when he is being transferred to prison after coming out as the Batman are the only ones not working for either Maroney or Joker.",They were escorting her so they were driving in front of her,65,1659171103.0
121,ii95vmw,"In The Dark Knight (2008), the only ones who clap for Harvey when he is being transferred to prison after coming out as the Batman are the only ones not working for either Maroney or Joker.","That‚Äôs definitely not the same actor lol. Just Google to scene, dude has black hair a bit higher top.",2,1659186665.0
122,ii9t04v,"In The Dark Knight (2008), the only ones who clap for Harvey when he is being transferred to prison after coming out as the Batman are the only ones not working for either Maroney or Joker.","*double take

My eyeballs almost pooped out",21,1659197637.0
123,ii8p68m,"In The Dark Knight (2008), the only ones who clap for Harvey when he is being transferred to prison after coming out as the Batman are the only ones not working for either Maroney or Joker.",Makes you reconsider that folksy theory that in the old days a surname used to stand for a person's profession.,75,1659175342.0
124,ii8yu2c,"In The Dark Knight (2008), the only ones who clap for Harvey when he is being transferred to prison after coming out as the Batman are the only ones not working for either Maroney or Joker.",Ian Bohen looks more like a young Walter White. Before he breaks bad. His show would have to be called Failing Good.,5,1659182544.0
125,ii93vlo,"In The Dark Knight (2008), the only ones who clap for Harvey when he is being transferred to prison after coming out as the Batman are the only ones not working for either Maroney or Joker.",I find the best actors are the ones that can make you love and hate them just by switching characters.,28,1659185558.0
126,ii96ml4,"In The Dark Knight (2008), the only ones who clap for Harvey when he is being transferred to prison after coming out as the Batman are the only ones not working for either Maroney or Joker.","The turn with his shitty slimebag speech when she stabs him is great, though.",2,1659187071.0
127,ii9798o,"In The Dark Knight (2008), the only ones who clap for Harvey when he is being transferred to prison after coming out as the Batman are the only ones not working for either Maroney or Joker.",Cersei will bang anyone for a chance at political power.,2,1659187405.0
128,ii9bjn4,"In The Dark Knight (2008), the only ones who clap for Harvey when he is being transferred to prison after coming out as the Batman are the only ones not working for either Maroney or Joker.",Yeah sometimes u just gotta kinda listen snd u csn pick up on what mosy ppl are saying. Despite simple typos csused by phone screens,-2,1659189618.0
129,ii8vhde,"In The Dark Knight (2008), the only ones who clap for Harvey when he is being transferred to prison after coming out as the Batman are the only ones not working for either Maroney or Joker.",Did Mike also punch a bit of Dominic West and Martin Freeman into him?,5,1659180282.0
130,ii9cb4e,"In The Dark Knight (2008), the only ones who clap for Harvey when he is being transferred to prison after coming out as the Batman are the only ones not working for either Maroney or Joker.",This,2,1659189998.0
131,ii97m1o,"In The Dark Knight (2008), the only ones who clap for Harvey when he is being transferred to prison after coming out as the Batman are the only ones not working for either Maroney or Joker.",*‚ÄùTHIS HURTS YOU‚Äù* - me on veteran: yes‚Ä¶ yes it does :(,19,1659187599.0
132,ii96jbd,"In The Dark Knight (2008), the only ones who clap for Harvey when he is being transferred to prison after coming out as the Batman are the only ones not working for either Maroney or Joker.",SHEPAAAARD,10,1659187021.0
133,iiazyn2,"In The Dark Knight (2008), the only ones who clap for Harvey when he is being transferred to prison after coming out as the Batman are the only ones not working for either Maroney or Joker.",MacNamara*,3,1659216501.0
134,ii99bh9,"In The Dark Knight (2008), the only ones who clap for Harvey when he is being transferred to prison after coming out as the Batman are the only ones not working for either Maroney or Joker.","60% of the time, it's perfect every time",7,1659188481.0
135,ii91elp,"In The Dark Knight (2008), the only ones who clap for Harvey when he is being transferred to prison after coming out as the Batman are the only ones not working for either Maroney or Joker.",I understood that reference,15,1659184125.0
136,ii99e30,"In The Dark Knight (2008), the only ones who clap for Harvey when he is being transferred to prison after coming out as the Batman are the only ones not working for either Maroney or Joker.",‚ÄúYou‚Äôre down there with scum like wuertz and Rimerez??‚Äù,44,1659188518.0
137,ii9xyjl,"In The Dark Knight (2008), the only ones who clap for Harvey when he is being transferred to prison after coming out as the Batman are the only ones not working for either Maroney or Joker.",Pretty sure he‚Äôs actually shaking his head in this scene lol like they tried to make us sympathize with Ramirez being corrupt but with Wuertz they‚Äôre just like ‚Äújust make him a total piece of shit‚Äù,4,1659199827.0
138,iiam076,"In The Dark Knight (2008), the only ones who clap for Harvey when he is being transferred to prison after coming out as the Batman are the only ones not working for either Maroney or Joker.","The guy on the far right is the one who asks Joker what he wants when he takes middle-right guy hostage. When Joker says ""I just want my phone call."".",1,1659210306.0
139,ii9qc7k,"In The Dark Knight (2008), the only ones who clap for Harvey when he is being transferred to prison after coming out as the Batman are the only ones not working for either Maroney or Joker.",Dominic Decocco,5,1659196447.0
140,ii92e3e,"In The Dark Knight (2008), the only ones who clap for Harvey when he is being transferred to prison after coming out as the Batman are the only ones not working for either Maroney or Joker.",Ova here,6,1659184698.0
141,ii8vtvc,"In The Dark Knight (2008), the only ones who clap for Harvey when he is being transferred to prison after coming out as the Batman are the only ones not working for either Maroney or Joker.",*He was a saint!*,11,1659180529.0
142,ii917ye,"In The Dark Knight (2008), the only ones who clap for Harvey when he is being transferred to prison after coming out as the Batman are the only ones not working for either Maroney or Joker.",mfer looks like charley‚Äôs uncle jack,15,1659184014.0
143,ii91h7u,"In The Dark Knight (2008), the only ones who clap for Harvey when he is being transferred to prison after coming out as the Batman are the only ones not working for either Maroney or Joker.",That guy looks like he‚Äôs self conscious about his hand size‚Ä¶,5,1659184167.0
144,ii8zz6w,"In The Dark Knight (2008), the only ones who clap for Harvey when he is being transferred to prison after coming out as the Batman are the only ones not working for either Maroney or Joker.",Maroney not Maroni.,-2,1659183250.0
145,ii9861m,"In The Dark Knight (2008), the only ones who clap for Harvey when he is being transferred to prison after coming out as the Batman are the only ones not working for either Maroney or Joker.",Purity tests ruin the world,5,1659187891.0
146,ii9jnpd,"In The Dark Knight (2008), the only ones who clap for Harvey when he is being transferred to prison after coming out as the Batman are the only ones not working for either Maroney or Joker.","This also confuses me even now, I thought they were clapping sarcastically, because several cops died because of ""Batman"", and they're glad they got him now.",4,1659193452.0
147,iia5qtc,"In The Dark Knight (2008), the only ones who clap for Harvey when he is being transferred to prison after coming out as the Batman are the only ones not working for either Maroney or Joker.",And here I was concerned about the state of math education,3,1659203259.0
148,ii9jy8o,"In The Dark Knight (2008), the only ones who clap for Harvey when he is being transferred to prison after coming out as the Batman are the only ones not working for either Maroney or Joker.","Except its not 5+2. It‚Äôs 5 (people) dead, 2 of them (were) cops.

Next! (Hopefully whoever's next will have mastered first grade English & mathematics)",1,1659193578.0
149,ij0sdv2,"In The Dark Knight (2008), the only ones who clap for Harvey when he is being transferred to prison after coming out as the Batman are the only ones not working for either Maroney or Joker.","Checkmate, mathematicians!",1,1659680305.0
150,iiay8yk,"In The Dark Knight (2008), the only ones who clap for Harvey when he is being transferred to prison after coming out as the Batman are the only ones not working for either Maroney or Joker.","The female cop that kidnaps Rachel explains to Harvey that she was in debt with the mob but didn‚Äôt actually know what was going to happen to Maggie. It‚Äôs possible they didn‚Äôt know, or they did.",21,1659215737.0
151,ii9r3fp,"In The Dark Knight (2008), the only ones who clap for Harvey when he is being transferred to prison after coming out as the Batman are the only ones not working for either Maroney or Joker.","Guy on the left in the shot of the two cops reacting is smiling, they were in on it",28,1659196786.0
152,ii8lgsr,"In The Dark Knight (2008), the only ones who clap for Harvey when he is being transferred to prison after coming out as the Batman are the only ones not working for either Maroney or Joker.","And neither looked at the person they are ""escorting"", nor reacted to an actual big explosion coming from the direction the person they are ""escorting"" is at?
I haven't rewatched in a while though.",138,1659172201.0
153,ii93y70,"In The Dark Knight (2008), the only ones who clap for Harvey when he is being transferred to prison after coming out as the Batman are the only ones not working for either Maroney or Joker.",They tell her even they don't know where she is going. They were not escorting her.,15,1659185599.0
154,ii8pssb,"In The Dark Knight (2008), the only ones who clap for Harvey when he is being transferred to prison after coming out as the Batman are the only ones not working for either Maroney or Joker.",[deleted],43,1659175864.0
155,ii9cxf4,"In The Dark Knight (2008), the only ones who clap for Harvey when he is being transferred to prison after coming out as the Batman are the only ones not working for either Maroney or Joker.",How can they be escorting her when they don‚Äôt know where she‚Äôs going?,5,1659190306.0
156,iia4u9w,"In The Dark Knight (2008), the only ones who clap for Harvey when he is being transferred to prison after coming out as the Batman are the only ones not working for either Maroney or Joker.","*popped out. 

You all need to get your shirt together.",16,1659202871.0
157,ii9tlpx,"In The Dark Knight (2008), the only ones who clap for Harvey when he is being transferred to prison after coming out as the Batman are the only ones not working for either Maroney or Joker.",Haha damn auto correct,2,1659197903.0
158,ii8ue6y,"In The Dark Knight (2008), the only ones who clap for Harvey when he is being transferred to prison after coming out as the Batman are the only ones not working for either Maroney or Joker.","Not strictly only professions, but physical traits, places of origin, and many other factors, including simply being a son/daughter of someone.

Don't think it's a folksy theory",101,1659179482.0
159,ii8uwar,"In The Dark Knight (2008), the only ones who clap for Harvey when he is being transferred to prison after coming out as the Batman are the only ones not working for either Maroney or Joker.",That‚Äôs not a theory lol.,27,1659179860.0
160,ii8pvkx,"In The Dark Knight (2008), the only ones who clap for Harvey when he is being transferred to prison after coming out as the Batman are the only ones not working for either Maroney or Joker.",[Breaking into farmsteads and milking their cows at night.](https://imgur.io/gallery/fCfXsyT),20,1659175928.0
161,ii98f6s,"In The Dark Knight (2008), the only ones who clap for Harvey when he is being transferred to prison after coming out as the Batman are the only ones not working for either Maroney or Joker.",It's not a theory. The history of these names is available.,12,1659188023.0
162,ii9khol,"In The Dark Knight (2008), the only ones who clap for Harvey when he is being transferred to prison after coming out as the Batman are the only ones not working for either Maroney or Joker.",Or in my family‚Äôs case my grandfather changed his name in his 20‚Äôs when he moved across the country running from the police in the 40‚Äôs.,3,1659193818.0
163,iiaaxay,"In The Dark Knight (2008), the only ones who clap for Harvey when he is being transferred to prison after coming out as the Batman are the only ones not working for either Maroney or Joker.","It's not a theory, it's fact",3,1659205490.0
164,ii9jkhj,"In The Dark Knight (2008), the only ones who clap for Harvey when he is being transferred to prison after coming out as the Batman are the only ones not working for either Maroney or Joker.",Every meet someone with the last name Dube? This shit holds true today.,2,1659193415.0
165,iibgoao,"In The Dark Knight (2008), the only ones who clap for Harvey when he is being transferred to prison after coming out as the Batman are the only ones not working for either Maroney or Joker.",Mr Ramsbottom has some explaining to do.,2,1659224337.0
166,ii94txd,"In The Dark Knight (2008), the only ones who clap for Harvey when he is being transferred to prison after coming out as the Batman are the only ones not working for either Maroney or Joker.","Yeah, fuck Jerry Seinfeld.",11,1659186088.0
167,ii99vxd,"In The Dark Knight (2008), the only ones who clap for Harvey when he is being transferred to prison after coming out as the Batman are the only ones not working for either Maroney or Joker.","Yeah, like Sam Rockwell in The Green Mile compared to...literally any of his other roles.",13,1659188775.0
168,ii96yik,"In The Dark Knight (2008), the only ones who clap for Harvey when he is being transferred to prison after coming out as the Batman are the only ones not working for either Maroney or Joker.","Yeah wooh it was good he got it but the fact she 1) was willing to let him stick it in and 2) was immediately betrayed 3) betrayal cost her husband his life (in the movie) 

Really made me mad at her too. But him as well. Haha. However his scumbagness is the wire is fitting!",-4,1659187246.0
169,iibuk5z,"In The Dark Knight (2008), the only ones who clap for Harvey when he is being transferred to prison after coming out as the Batman are the only ones not working for either Maroney or Joker.",Wrex.,2,1659231118.0
170,ii9i5f8,"In The Dark Knight (2008), the only ones who clap for Harvey when he is being transferred to prison after coming out as the Batman are the only ones not working for either Maroney or Joker.",It‚Äôs an older meme sir but it checks out,5,1659192777.0
171,iia0zk1,"In The Dark Knight (2008), the only ones who clap for Harvey when he is being transferred to prison after coming out as the Batman are the only ones not working for either Maroney or Joker.","What's the reference, repeating a joke?",1,1659201164.0
172,iia4qxz,"In The Dark Knight (2008), the only ones who clap for Harvey when he is being transferred to prison after coming out as the Batman are the only ones not working for either Maroney or Joker.","> hey tried to make us sympathize with Ramirez being corrupt

Yeah, going to the very beginning where they already talk about how her mom had to go back to the hospital and all that. Almost every line from Wuertz is an asshole/selfish line, like when he is at the bar right before Dent shoots him.",3,1659202831.0
173,iiaseha,"In The Dark Knight (2008), the only ones who clap for Harvey when he is being transferred to prison after coming out as the Batman are the only ones not working for either Maroney or Joker.","> The guy on the far right is the one who asks Joker what he wants when he takes middle-right guy hostage.

Went to the movie and found him, same outfit and everything, no indication that he is a bad dude (although Joker wouldn't hesitate to blow them up as well of course).",1,1659213135.0
174,ii90aik,"In The Dark Knight (2008), the only ones who clap for Harvey when he is being transferred to prison after coming out as the Batman are the only ones not working for either Maroney or Joker.","Ah jeez, ma",9,1659183446.0
175,ii93d00,"In The Dark Knight (2008), the only ones who clap for Harvey when he is being transferred to prison after coming out as the Batman are the only ones not working for either Maroney or Joker.",">charley‚Äôs uncle jack

[ahahah... Maybe he's just in witness protection then](https://i.imgur.com/9JEQnmM.png) ü§î",4,1659185257.0
176,ii95akd,"In The Dark Knight (2008), the only ones who clap for Harvey when he is being transferred to prison after coming out as the Batman are the only ones not working for either Maroney or Joker.",Yeah but clearly he knew the camera added ten pounds.,2,1659186340.0
177,ii9xzrv,"In The Dark Knight (2008), the only ones who clap for Harvey when he is being transferred to prison after coming out as the Batman are the only ones not working for either Maroney or Joker.",Thats definitely someone elses hand in the picture.,2,1659199842.0
178,ii95fdq,"In The Dark Knight (2008), the only ones who clap for Harvey when he is being transferred to prison after coming out as the Batman are the only ones not working for either Maroney or Joker.","More like Moron-ey, am I right?",8,1659186413.0
179,ii95v53,"In The Dark Knight (2008), the only ones who clap for Harvey when he is being transferred to prison after coming out as the Batman are the only ones not working for either Maroney or Joker.","Click the link.

Maroni, not Maroney.",-2,1659186657.0
180,iia3ney,"In The Dark Knight (2008), the only ones who clap for Harvey when he is being transferred to prison after coming out as the Batman are the only ones not working for either Maroney or Joker.",/r/whoosh,1,1659202352.0
181,iibto4l,"In The Dark Knight (2008), the only ones who clap for Harvey when he is being transferred to prison after coming out as the Batman are the only ones not working for either Maroney or Joker.","I mean... There's ""I didn't know"", and then there's ""I didn't know the mob would hurt the assistant DA currently prosecuting their mob-boss after she was named as the next target for assassination by the joker"" though.",21,1659230679.0
182,iia6mat,"In The Dark Knight (2008), the only ones who clap for Harvey when he is being transferred to prison after coming out as the Batman are the only ones not working for either Maroney or Joker.","I just watched it, paused it, and replayed it multiple times. The guy on the left isn‚Äôt smiling.",53,1659203639.0
183,iiayfzb,"In The Dark Knight (2008), the only ones who clap for Harvey when he is being transferred to prison after coming out as the Batman are the only ones not working for either Maroney or Joker.",People can react weirdly to dangerous situations.,0,1659215823.0
184,ii8o561,"In The Dark Knight (2008), the only ones who clap for Harvey when he is being transferred to prison after coming out as the Batman are the only ones not working for either Maroney or Joker.",They must have just been cool guys,111,1659174471.0
185,ii8vy8s,"In The Dark Knight (2008), the only ones who clap for Harvey when he is being transferred to prison after coming out as the Batman are the only ones not working for either Maroney or Joker.","""I'm sure it's fine.""",16,1659180614.0
186,ii90bbs,"In The Dark Knight (2008), the only ones who clap for Harvey when he is being transferred to prison after coming out as the Batman are the only ones not working for either Maroney or Joker.",If you could watch my girlfriend drive you'd notice anything outside 2 car lengths in front of her doesn't exist yet,11,1659183459.0
187,ii95rqp,"In The Dark Knight (2008), the only ones who clap for Harvey when he is being transferred to prison after coming out as the Batman are the only ones not working for either Maroney or Joker.",Yep this is exactly what happened. I always assumed they were in on it,2,1659186604.0
188,ii93g83,"In The Dark Knight (2008), the only ones who clap for Harvey when he is being transferred to prison after coming out as the Batman are the only ones not working for either Maroney or Joker.",From memory I think there‚Äôs like a second or so for them to show reaction before it cuts to another scene. If it were me my dumb ass wouldn‚Äôt be able to process what happened in that space of time,1,1659185308.0
189,ii9src1,"In The Dark Knight (2008), the only ones who clap for Harvey when he is being transferred to prison after coming out as the Batman are the only ones not working for either Maroney or Joker.",They tell her that as a joke - is she going to heaven or hell?,1,1659197526.0
190,ii8r6ym,"In The Dark Knight (2008), the only ones who clap for Harvey when he is being transferred to prison after coming out as the Batman are the only ones not working for either Maroney or Joker.","Also one distinctly says something to the effect of ""We don't even know where you're going,"" so how could they lead an escort?",42,1659177014.0
191,ii8s31b,"In The Dark Knight (2008), the only ones who clap for Harvey when he is being transferred to prison after coming out as the Batman are the only ones not working for either Maroney or Joker.","I don't remember their reaction, I'm just saying that they weren't exactly driving away so much as driving in front of",1,1659177718.0
192,iib79yk,"In The Dark Knight (2008), the only ones who clap for Harvey when he is being transferred to prison after coming out as the Batman are the only ones not working for either Maroney or Joker.",They do notice. They are surprised by it. Watch the scene.,0,1659219875.0
193,ii9spzu,"In The Dark Knight (2008), the only ones who clap for Harvey when he is being transferred to prison after coming out as the Batman are the only ones not working for either Maroney or Joker.",they know setting her up to be killed. It's a joke. Where do you go after you die? They don't know.,1,1659197509.0
194,iiazlp8,"In The Dark Knight (2008), the only ones who clap for Harvey when he is being transferred to prison after coming out as the Batman are the only ones not working for either Maroney or Joker.","*shit together

If I see one more misspelling I‚Äôm gonna loose my mind.",3,1659216339.0
195,ii8usy5,"In The Dark Knight (2008), the only ones who clap for Harvey when he is being transferred to prison after coming out as the Batman are the only ones not working for either Maroney or Joker.",Bulcock... Physical traits... Hmmmmm,47,1659179789.0
196,ii8uzhe,"In The Dark Knight (2008), the only ones who clap for Harvey when he is being transferred to prison after coming out as the Batman are the only ones not working for either Maroney or Joker.","Physical traits, eh? Given the context, that is probably right.",14,1659179925.0
197,ii99qqu,"In The Dark Knight (2008), the only ones who clap for Harvey when he is being transferred to prison after coming out as the Batman are the only ones not working for either Maroney or Joker.","Are you talking about John the Smith, John the Small, John from Winchester, or John, son of John?",10,1659188699.0
198,ii97qlf,"In The Dark Knight (2008), the only ones who clap for Harvey when he is being transferred to prison after coming out as the Batman are the only ones not working for either Maroney or Joker.",Mine translates to the fist it always made me wonder,4,1659187667.0
199,ii9fnam,"In The Dark Knight (2008), the only ones who clap for Harvey when he is being transferred to prison after coming out as the Batman are the only ones not working for either Maroney or Joker.","""Archeologists indicate that the usage of full-sized human males as a substitute for a bull's, eh... *bullseye*, dates back to the beginnings of early homosapiens, when they discovered that the size comparison was *nearly* identical. But that's just a theory... A FOLKSY THEORY!""",1,1659191608.0
200,iiby90t,"In The Dark Knight (2008), the only ones who clap for Harvey when he is being transferred to prison after coming out as the Batman are the only ones not working for either Maroney or Joker.","[In fact, any -sen or -son last name means ‚Äúson of -‚Äú. So Stephenson, Christianson, Erickson, Jensen, Hanson, Janson, Johnson, Jason, Jefferson, Jamison.](https://www.google.com/amp/s/blogs.ancestry.com/cm/what-your-scandinavian-name-ending-in-son-or-sen-means/amp/)",1,1659232939.0
201,ii9govc,"In The Dark Knight (2008), the only ones who clap for Harvey when he is being transferred to prison after coming out as the Batman are the only ones not working for either Maroney or Joker.",Gotta love Barry the bee though,3,1659192104.0
202,ii9dbrj,"In The Dark Knight (2008), the only ones who clap for Harvey when he is being transferred to prison after coming out as the Batman are the only ones not working for either Maroney or Joker.","He's a great example of this.

He was especially scummy in *The Heist* but great in *Jojo Rabbit*.

I think it's because he has a knack for coming across as just a little unstable, regardless of moral alignment.",5,1659190503.0
203,ii9q285,"In The Dark Knight (2008), the only ones who clap for Harvey when he is being transferred to prison after coming out as the Batman are the only ones not working for either Maroney or Joker.","He's plays both sides in Three Billboards, too.  Hell of a movie with great acting by everyone",3,1659196324.0
204,ii9i7i1,"In The Dark Knight (2008), the only ones who clap for Harvey when he is being transferred to prison after coming out as the Batman are the only ones not working for either Maroney or Joker.","Loved him in Mr. Right. Also love how he dances in lots of his roles, cool af.",2,1659192802.0
205,ii97j4z,"In The Dark Knight (2008), the only ones who clap for Harvey when he is being transferred to prison after coming out as the Batman are the only ones not working for either Maroney or Joker.","She was willing to do whatever was necessary to save her husband and her country, how can you made at her about that?",2,1659187555.0
206,iiax7q4,"In The Dark Knight (2008), the only ones who clap for Harvey when he is being transferred to prison after coming out as the Batman are the only ones not working for either Maroney or Joker.",You seem like a fun person to hang out with lol,1,1659215275.0
207,iiayuo6,"In The Dark Knight (2008), the only ones who clap for Harvey when he is being transferred to prison after coming out as the Batman are the only ones not working for either Maroney or Joker.","Yeah I don't think he had any connection to the Joker or the Mob. I think it was made fairly clear in the movie that there were two dirty cops in Gordon's group, this guy is *in* Gordon's group but since he's neither Weurtz nor Ramirez, I don't think he's dirty.",2,1659216003.0
208,ii961bu,"In The Dark Knight (2008), the only ones who clap for Harvey when he is being transferred to prison after coming out as the Batman are the only ones not working for either Maroney or Joker.","The character isn't in question though? Maroney is an Irish name, it's an understandable mistake for op to make.",4,1659186749.0
209,iiaehbo,"In The Dark Knight (2008), the only ones who clap for Harvey when he is being transferred to prison after coming out as the Batman are the only ones not working for either Maroney or Joker.",https://imgur.io/gallery/5ZjKcmU,2,1659207025.0
210,iiaf0jl,"In The Dark Knight (2008), the only ones who clap for Harvey when he is being transferred to prison after coming out as the Batman are the only ones not working for either Maroney or Joker.","Well crap, who do I believe here? A guy with solid, accurate evidence, or batman himself?!",51,1659207254.0
211,iieo2ph,"In The Dark Knight (2008), the only ones who clap for Harvey when he is being transferred to prison after coming out as the Batman are the only ones not working for either Maroney or Joker.",[try again](https://i.imgur.com/QUjW4rt.jpg),2,1659289773.0
212,ii8p4zr,"In The Dark Knight (2008), the only ones who clap for Harvey when he is being transferred to prison after coming out as the Batman are the only ones not working for either Maroney or Joker.",Not even a scratch!,18,1659175311.0
213,ii9v75q,"In The Dark Knight (2008), the only ones who clap for Harvey when he is being transferred to prison after coming out as the Batman are the only ones not working for either Maroney or Joker.",They never said they were there to escort her. They said here‚Äôs a location. Then they left. Idk if they were in on it or not but they weren‚Äôt there to escort her. Unless I missed it.,7,1659198607.0
214,ii8ww7h,"In The Dark Knight (2008), the only ones who clap for Harvey when he is being transferred to prison after coming out as the Batman are the only ones not working for either Maroney or Joker.","They would drive behind her, protecting her.",4,1659181262.0
215,iibhbo7,"In The Dark Knight (2008), the only ones who clap for Harvey when he is being transferred to prison after coming out as the Batman are the only ones not working for either Maroney or Joker.",[deleted],0,1659224655.0
216,ii9i8av,"In The Dark Knight (2008), the only ones who clap for Harvey when he is being transferred to prison after coming out as the Batman are the only ones not working for either Maroney or Joker.",Big pp,10,1659192812.0
217,iibujfs,"In The Dark Knight (2008), the only ones who clap for Harvey when he is being transferred to prison after coming out as the Batman are the only ones not working for either Maroney or Joker.","He takes after his mother, unfortunately.",2,1659231108.0
218,ii9f7uc,"In The Dark Knight (2008), the only ones who clap for Harvey when he is being transferred to prison after coming out as the Batman are the only ones not working for either Maroney or Joker.",More like Robertson or Sigurdsdottir,3,1659191404.0
219,ii980nm,"In The Dark Knight (2008), the only ones who clap for Harvey when he is being transferred to prison after coming out as the Batman are the only ones not working for either Maroney or Joker.",Faust? :),3,1659187815.0
220,ii9nc7i,"In The Dark Knight (2008), the only ones who clap for Harvey when he is being transferred to prison after coming out as the Batman are the only ones not working for either Maroney or Joker.","Rockwell is just one of those incredibly likable actors who accepts roles that tend to always push his own acting abilities a bit further each time. 

Some of his movies are complete duds, sure, but you can tell he has never phoned in a day he was working on set.

If someone can star in a movie where the sole actor is on screen 99% of the time alone AND you don‚Äôt get bored one time over the course of the movie (Moon), it‚Äôs safe to safe they‚Äôre a good actor.",3,1659195116.0
221,iiazlig,"In The Dark Knight (2008), the only ones who clap for Harvey when he is being transferred to prison after coming out as the Batman are the only ones not working for either Maroney or Joker.",I bet they're really fun at parties lol,0,1659216337.0
222,iiaig8p,"In The Dark Knight (2008), the only ones who clap for Harvey when he is being transferred to prison after coming out as the Batman are the only ones not working for either Maroney or Joker.",____Batman______'s comment becomes much more convincing if you read it in Christian Bale's scratchy voice.,17,1659208759.0
223,iiarx85,"In The Dark Knight (2008), the only ones who clap for Harvey when he is being transferred to prison after coming out as the Batman are the only ones not working for either Maroney or Joker.","Don't listen to Batman, he's a bum.",3,1659212926.0
224,iien9qw,"In The Dark Knight (2008), the only ones who clap for Harvey when he is being transferred to prison after coming out as the Batman are the only ones not working for either Maroney or Joker.",I know you‚Äôre joking but it‚Äôs [pretty easy to spot](https://i.imgur.com/M92Np81.jpg),2,1659289435.0
225,iifyggy,"In The Dark Knight (2008), the only ones who clap for Harvey when he is being transferred to prison after coming out as the Batman are the only ones not working for either Maroney or Joker.","You‚Äôre too late, Batman. This thread is dead.",1,1659310013.0
226,ii90b41,"In The Dark Knight (2008), the only ones who clap for Harvey when he is being transferred to prison after coming out as the Batman are the only ones not working for either Maroney or Joker.",Aim for the bushes,27,1659183456.0
227,iia2ny4,"In The Dark Knight (2008), the only ones who clap for Harvey when he is being transferred to prison after coming out as the Batman are the only ones not working for either Maroney or Joker.",I know. Rover up there commented that they were,6,1659201913.0
228,ii8yi2c,"In The Dark Knight (2008), the only ones who clap for Harvey when he is being transferred to prison after coming out as the Batman are the only ones not working for either Maroney or Joker.",If they're going to the same place why keep them in the dark after they meet her? It makes no sense unless they were there to get her into her car for the bomb to go off and then to get away.,3,1659182331.0
229,iibjdgj,"In The Dark Knight (2008), the only ones who clap for Harvey when he is being transferred to prison after coming out as the Batman are the only ones not working for either Maroney or Joker.","Watch it again, then. Their expressions most definitely do change at the moment of the explosions and then it cuts away.",0,1659225657.0
230,ii9bm6o,"In The Dark Knight (2008), the only ones who clap for Harvey when he is being transferred to prison after coming out as the Batman are the only ones not working for either Maroney or Joker.",The dutch version Freund,3,1659189652.0
231,ii90l6o,"In The Dark Knight (2008), the only ones who clap for Harvey when he is being transferred to prison after coming out as the Batman are the only ones not working for either Maroney or Joker.",There wasn‚Äôt even an awning in their direction. They just jumped 20 stories.,20,1659183627.0
232,ii962i3,"In The Dark Knight (2008), the only ones who clap for Harvey when he is being transferred to prison after coming out as the Batman are the only ones not working for either Maroney or Joker.","Because they weren‚Äôt expecting the hit in the car and they didn‚Äôt want anyone knowing the location. It‚Äôs pretty common for guards to not be given that kind of info to prevent leaks. The fewer people know, the higher the odds that the attackers won‚Äôt find out. They just had more inside men than they expected.",4,1659186766.0
233,ii918rn,"In The Dark Knight (2008), the only ones who clap for Harvey when he is being transferred to prison after coming out as the Batman are the only ones not working for either Maroney or Joker.","‚ÄúThere goes my herooooo, watch him as he goes‚Äù *thud*",14,1659184028.0
234,ii91wy9,"In The Dark Knight (2008), the only ones who clap for Harvey when he is being transferred to prison after coming out as the Batman are the only ones not working for either Maroney or Joker.","""If i want you to talk, Ill shove my hand up your ass and work you mouth like a puppet!""",12,1659184424.0
235,ii96ypt,"In The Dark Knight (2008), the only ones who clap for Harvey when he is being transferred to prison after coming out as the Batman are the only ones not working for either Maroney or Joker.",Explain what advantage security gets by not knowing where they need to go before escorting their charge to a location. How could that possibly be a benefit unless the people delivering that message were not escorting her there.,-2,1659187248.0
